run_ts,symbol,setup,score,grade,pump_score,direction,price_entry,stop,tp1,tp2,funding,oi_24h_pct,mtf_bull,mtf_bear,rsi_1h,cvd_kline,cvd_trade,ema_bull_1h,ema_bull_4h,choch_bull_1h,vwap_dev,rs_btc,resolve_4h_ts,price_4h,change_4h_pct,hit_tp1_4h,hit_stop_4h,outcome_4h,resolve_24h_ts,price_24h,change_24h_pct,hit_tp1_24h,hit_stop_24h,outcome_24h
2026-04-12T09:56:48,SIRENUSDT,breakout,179,—,179,ЛОНГ,0.84181,0.77241118,0.89964235,0.93819724,-1.57743,6.218855989417977,5,0,62.47,-22.4,-30.6,1,1,0,2.57,5.17,2026-04-13T14:56:01,0.78339,-6.94,0,0,LOSS,2026-04-13T14:56:01,0.7834,-6.94,0,0,LOSS
2026-04-12T09:56:48,TRUUSDT,breakout,155,—,155,ЛОНГ,0.010641,0.008785,0.01218767,0.01321878,-0.882971,44.03402851074754,5,0,68.07,24.5,16.7,1,1,0,14.07,-38.3,2026-04-13T14:56:02,0.007662,-28.0,0,1,STOP,2026-04-13T14:56:03,0.007662,-28.0,0,1,STOP
2026-04-12T09:56:48,FFUSDT,breakout,144,—,144,ЛОНГ,0.08507,0.08122654,0.08827289,0.09040814,0.00125,-1.6626479780825587,5,2,26.62,-21.3,50.8,0,0,0,-6.4,4.86,2026-04-13T14:56:04,0.07767,-8.7,0,1,STOP,2026-04-13T14:56:05,0.07767,-8.7,0,1,STOP
2026-04-12T09:56:48,RAVEUSDT,breakout,142,—,142,ЛОНГ,2.54168,2.18071061,2.84248783,3.04302638,-0.352784,-23.06588543108839,5,0,74.03,15.6,28.4,1,1,0,13.74,-11.26,2026-04-13T14:56:05,9.65449,279.85,1,0,TP1,2026-04-13T14:56:06,9.65127,279.72,1,0,TP1
2026-04-12T09:56:48,MAGMAUSDT,breakout,142,—,142,ЛОНГ,0.212,0.19074488,0.2297126,0.241521,0.10523500000000001,-9.29358838699483,5,1,69.07,6.4,-17.7,0,1,0,6.61,-0.36,2026-04-13T14:56:07,0.1774,-16.32,0,1,STOP,2026-04-13T14:56:08,0.1774,-16.32,0,1,STOP
2026-04-12T09:56:48,DASHUSDT,bos_fvg,136,—,79,ШОРТ,43.36,45.8107072,41.317744,39.95624,-0.001157,-8.72084897929653,3,4,37.55,-15.6,-26.1,0,1,0,-3.4,4.72,2026-04-13T14:56:08,41.41,-4.5,0,0,WIN,2026-04-13T14:56:10,41.41,-4.5,0,0,WIN
2026-04-12T09:56:48,SOLUSDT,squeeze,134,—,56,ЛОНГ,82.146,80.77087596,83.2919367,84.0558945,-0.011072,-5.81520438299293,2,5,20.44,-16.9,-64.8,0,0,0,-2.04,1.51,2026-04-13T14:56:11,83.4,1.53,1,0,TP1,2026-04-13T14:56:11,83.4,1.53,1,0,TP1
2026-04-12T09:56:48,NOMUSDT,breakout,134,—,134,ЛОНГ,0.004247,0.00394045,0.00450246,0.00467276,-0.743877,11.876304911310399,0,5,38.64,-0.3,18.7,0,0,0,-0.42,2.98,2026-04-13T14:56:12,0.003612,-14.95,0,1,STOP,2026-04-13T14:56:13,0.003613,-14.93,0,1,STOP
2026-04-12T09:56:48,TONUSDT,bos_fvg,133,—,84,ЛОНГ,1.4228,1.36978647,1.46697794,1.4964299,-0.017265,8.706426427356394,5,0,32.0,6.3,15.1,1,1,0,-1.12,-3.06,2026-04-13T14:56:15,1.4423,1.37,0,0,WIN,2026-04-13T14:56:17,1.4423,1.37,0,0,WIN
2026-04-12T09:56:48,TAOUSDT,bos_fvg,125,—,66,ШОРТ,267.17,276.8362106,259.1148245,253.7447075,-0.028996,12.535031172310218,4,5,48.72,-13.5,70.2,0,0,0,-0.13,-1.06,2026-04-13T14:56:18,260.27,-2.58,0,0,WIN,2026-04-13T14:56:18,260.27,-2.58,0,0,WIN
2026-04-12T09:56:48,BLESSUSDT,bos_fvg,125,—,122,ЛОНГ,0.00819,0.00728042,0.00894798,0.00945331,0.005,67.76601443955863,5,0,68.59,-7.7,3.2,1,1,0,2.13,-11.71,2026-04-13T14:56:19,0.013413,63.77,1,0,TP1,2026-04-13T14:56:20,0.013382,63.39,1,0,TP1
2026-04-12T09:56:48,LITUSDT,breakout,117,—,117,ЛОНГ,1.0949,1.03124251,1.1479479,1.18331317,-0.00092,-0.2315759640281771,3,1,26.7,-48.3,-13.7,0,0,0,-5.8,2.28,2026-04-13T14:56:22,1.1375,3.89,0,0,WIN,2026-04-13T14:56:23,1.1374,3.88,0,0,WIN
2026-04-12T09:56:48,1000PEPEUSDT,squeeze,114,—,97,ЛОНГ,0.003499,0.00339067,0.00358927,0.00364946,-0.008723,7.78870640779596,3,5,30.9,-36.8,9.9,0,0,0,-3.36,1.33,2026-04-13T14:56:24,0.003553,1.54,0,0,WIN,2026-04-13T14:56:25,0.003553,1.54,0,0,WIN
2026-04-12T09:56:48,WLFIUSDT,bos_fvg,113,—,40,ШОРТ,0.07963,0.08210968,0.0775636,0.076186,0.003651,-1.8227882380052174,0,4,53.66,-9.4,-32.8,0,0,0,0.87,-0.63,2026-04-13T14:56:28,0.07956,-0.09,0,0,FLAT,2026-04-13T14:56:28,0.07956,-0.09,0,0,FLAT
2026-04-12T09:56:48,LABUSDT,breakout,113,—,113,ЛОНГ,0.48646,0.44119003,0.52418497,0.54933495,0.005,-3.5817126268002144,5,1,52.94,-1.4,-24.4,0,1,0,3.65,3.57,2026-04-13T14:56:29,0.58379,20.01,1,0,TP1,2026-04-13T14:56:30,0.58379,20.01,1,0,TP1
2026-04-12T09:56:48,CLUSDT,bos_fvg,112,—,32,ЛОНГ,93.572,91.70243144,95.1299738,96.168623,0.601154,53.935323062672566,4,3,72.72,-0.8,-62.3,0,0,0,1.91,-1.06,2026-04-13T14:56:31,96.025,2.62,1,0,TP1,2026-04-13T14:56:31,96.025,2.62,1,0,TP1
2026-04-12T09:56:48,VVVUSDT,bos_fvg,111,—,79,ЛОНГ,7.9678,7.51745994,8.34308338,8.5932723,0.005,-0.7595431446186713,4,1,39.24,-11.6,-41.2,0,1,0,-4.59,2.09,2026-04-13T14:56:32,8.8444,11.0,1,0,TP1,2026-04-13T14:56:33,8.8444,11.0,1,0,TP1
2026-04-12T09:56:48,ENJUSDT,breakout,110,—,110,ЛОНГ,0.033415,0.0306723,0.03570059,0.03722431,-0.055756999999999994,11.559376020597757,5,0,56.93,21.3,-19.4,1,1,0,6.9,-10.24,2026-04-13T14:56:34,0.048317,44.6,1,0,TP1,2026-04-13T14:56:35,0.048377,44.78,1,0,TP1
2026-04-12T09:56:48,HYPEUSDT,breakout,107,—,107,ЛОНГ,40.884,39.93467352,41.6751054,42.202509,0.01,-2.2938322862844847,3,5,28.15,-4.3,-23.4,0,1,0,-2.53,1.9,2026-04-13T14:56:36,42.582,4.15,1,0,TP1,2026-04-13T14:56:37,42.582,4.15,1,0,TP1
2026-04-12T09:56:48,SHIB1000USDT,squeeze,106,—,76,ЛОНГ,0.005823,0.00573391,0.00589724,0.00594674,-0.015397,8.698430809453985,0,5,24.61,-6.7,39.4,0,0,0,-1.54,0.78,2026-04-13T14:56:38,0.005808,-0.26,0,0,FLAT,2026-04-13T14:56:39,0.005808,-0.26,0,0,FLAT
2026-04-12T09:56:48,XAUTUSDT,bos_fvg,105,—,47,ЖДАТЬ,4700.9,4695.25892,4706.54108,4712.18216,0.005,-0.040111770845858895,3,3,29.49,10.7,-2.8,0,0,0,-0.22,0.26,2026-04-13T14:56:39,4687.0,-0.3,1,0,TP1,2026-04-13T14:56:40,4687.0,-0.3,1,0,TP1
2026-04-12T09:56:48,APTUSDT,bos_fvg,105,—,79,ШОРТ,0.8216,0.83771979,0.80816684,0.7992114,-0.056041,1.3949468988430125,0,5,11.69,-29.0,-0.6,0,0,0,-3.14,1.76,2026-04-13T14:56:41,0.8374,1.92,0,0,LOSS,2026-04-13T14:56:42,0.8374,1.92,0,0,LOSS
2026-04-12T09:56:48,PUMPFUNUSDT,squeeze,104,—,73,ЛОНГ,0.0017875,0.00173409,0.00183201,0.00186168,-0.031286,-3.062445112734581,3,5,29.43,-5.9,2.2,0,0,0,-4.48,1.34,2026-04-13T14:56:43,0.0018242,2.05,0,0,WIN,2026-04-13T14:56:44,0.0018242,2.05,0,0,WIN
2026-04-12T09:56:48,ADAUSDT,breakout,103,—,103,ЛОНГ,0.2396,0.23507156,0.2433737,0.2458895,0.01,0.3837177561361634,0,5,16.67,-41.3,27.6,0,0,0,-3.29,2.32,2026-04-13T14:56:45,0.2418,0.92,0,0,WIN,2026-04-13T14:56:45,0.2417,0.88,0,0,WIN
2026-04-12T09:56:48,MONUSDT,breakout,103,—,103,ЛОНГ,0.033565,0.03210291,0.03478341,0.03559568,0.01,2.5319101759492386,3,0,28.86,-40.1,9.6,0,0,0,-4.86,3.8,2026-04-13T14:56:46,0.034494,2.77,0,0,WIN,2026-04-13T14:56:47,0.034494,2.77,0,0,WIN
2026-04-12T09:56:48,CRVUSDT,breakout,102,—,102,ЛОНГ,0.2124,0.20819448,0.2159046,0.218241,-0.001475,0.9791705991717097,2,5,23.81,-1.9,-3.2,0,0,0,-2.19,2.13,2026-04-13T14:56:49,0.2113,-0.52,0,0,LOSS,2026-04-13T14:56:49,0.2113,-0.52,0,0,LOSS
2026-04-12T09:56:48,QUSDT,bos_fvg,102,—,32,ЛОНГ,0.009193,0.0082316,0.00999417,0.01052828,0.067524,29.77223595981376,5,0,59.99,-40.2,9.5,1,1,0,0.01,-9.44,2026-04-13T14:56:50,0.009404,2.3,0,0,WIN,2026-04-13T14:56:51,0.009404,2.3,0,0,WIN
2026-04-12T09:56:48,ENAUSDT,breakout,101,—,101,ЛОНГ,0.09178,0.08903761,0.09406532,0.09558887,0.003515,3.7140139677465975,3,5,24.48,28.9,12.8,0,0,0,-2.88,0.88,2026-04-13T14:56:51,0.09428,2.72,1,0,TP1,2026-04-13T14:56:52,0.09428,2.72,1,0,TP1
2026-04-12T09:56:48,DRIFTUSDT,breakout,100,—,100,ЛОНГ,0.03704,0.03356639,0.03993468,0.04186446,0.005,-3.1610631504175735,5,0,60.63,-9.2,-52.8,1,0,0,5.17,-7.56,2026-04-13T14:56:53,0.04121,11.26,1,0,TP1,2026-04-13T14:56:54,0.04121,11.26,1,0,TP1
2026-04-12T09:56:48,DOTUSDT,bos_fvg,99,—,71,ШОРТ,1.2156,1.2401065,1.19517792,1.1815632,-0.141067,7.586494675563596,0,5,8.91,-36.5,-3.5,0,0,0,-4.05,2.71,2026-04-13T14:56:55,1.1744,-3.39,1,0,TP1,2026-04-13T14:56:55,1.1745,-3.38,1,0,TP1
2026-04-12T09:56:48,BTCUSDT,squeeze,98,—,45,ЛОНГ,71506.4,70708.388576,72171.40952,72614.7492,-0.001413,-6.369300044712105,3,3,20.54,1.0,12.8,0,0,0,-1.44,1.0,2026-04-13T14:56:56,72023.9,0.72,0,0,WIN,2026-04-13T14:56:57,72020.9,0.72,0,0,WIN
2026-04-12T09:56:48,BNBUSDT,squeeze,98,—,44,ЛОНГ,593.4,586.777656,598.91862,602.5977,-0.013698,0.5237199012736989,0,5,23.8,-41.8,-18.2,0,0,0,-1.31,1.16,2026-04-13T14:56:57,601.4,1.35,1,0,TP1,2026-04-13T14:56:58,601.4,1.35,1,0,TP1
2026-04-12T09:56:48,WLDUSDT,squeeze,98,—,91,ЛОНГ,0.2918,0.28071744,0.30103547,0.30719245,-0.009866,-0.0389524978243571,5,2,39.12,-10.0,36.7,1,1,0,0.81,-1.43,2026-04-13T14:56:59,0.3025,3.67,1,0,TP1,2026-04-13T14:56:59,0.3025,3.67,1,0,TP1
2026-04-12T09:56:48,VIRTUALUSDT,squeeze,98,—,69,ЛОНГ,0.6513,0.63383213,0.66585655,0.67556092,-0.021104,2.0339760082222864,2,5,20.59,-35.0,11.4,0,0,0,-3.1,1.78,2026-04-13T14:57:00,0.6753,3.68,1,0,TP1,2026-04-13T14:57:01,0.6754,3.7,1,0,TP1
2026-04-12T09:56:48,BCHUSDT,squeeze,98,—,51,ЛОНГ,425.2,419.383264,430.04728,433.2788,-0.014393000000000001,3.456968556207243,0,5,19.07,-39.5,7.6,0,0,0,-1.63,1.92,2026-04-13T14:57:02,426.8,0.38,0,0,FLAT,2026-04-13T14:57:02,426.8,0.38,0,0,FLAT
2026-04-12T09:56:48,GALAUSDT,squeeze,98,—,95,ЛОНГ,0.002937,0.00287673,0.00298722,0.0030207,-0.013241,-3.699145735367801,3,5,25.0,-6.5,7.1,0,0,0,-1.95,1.58,2026-04-13T14:57:03,0.002948,0.37,0,0,FLAT,2026-04-13T14:57:04,0.002948,0.37,0,0,FLAT
2026-04-12T09:56:48,ARBUSDT,breakout,96,—,96,ЛОНГ,0.11002,0.10720789,0.11236343,0.11392571,0.01,-0.19111605089000872,3,5,18.92,11.0,-13.8,0,0,0,-4.23,2.04,2026-04-13T14:57:05,0.11114,1.02,0,0,WIN,2026-04-13T14:57:06,0.11114,1.02,0,0,WIN
2026-04-12T09:56:48,ASTERUSDT,squeeze,96,—,60,ЛОНГ,0.6654,0.65665664,0.67268613,0.67754355,0.005,-1.2099843177384726,5,5,23.94,22.1,24.0,0,0,0,-0.84,0.3,2026-04-13T14:57:08,0.6623,-0.47,0,0,FLAT,2026-04-13T14:57:09,0.6623,-0.47,0,0,FLAT
2026-04-12T09:56:48,RIVERUSDT,bos_fvg,95,—,31,ШОРТ,8.744,9.09498416,8.4515132,8.256522,0.13092399999999998,1.3344213847560136,0,3,52.94,-37.2,47.5,0,0,0,-0.33,-1.63,2026-04-13T14:57:10,7.676,-12.21,1,0,TP1,2026-04-13T14:57:11,7.674,-12.24,1,0,TP1
2026-04-12T09:56:48,ZECUSDT,bos_fvg,94,—,92,ЛОНГ,367.62,356.701686,376.718595,382.784325,0.01,-7.185607266560089,3,2,39.01,-12.2,-76.0,1,1,0,-0.52,1.78,2026-04-13T14:57:11,360.01,-2.07,0,0,LOSS,2026-04-13T14:57:12,360.04,-2.06,0,0,LOSS
2026-04-12T09:56:48,FARTCOINUSDT,bos_fvg,94,—,68,ЛОНГ,0.19308,0.18355729,0.20101559,0.20630598,0.005,-5.5734927519584545,5,1,43.58,6.9,4.6,0,1,0,-2.31,-0.5,2026-04-13T14:57:13,0.18741,-2.94,0,0,LOSS,2026-04-13T14:57:14,0.18741,-2.94,0,0,LOSS
2026-04-12T09:56:48,DOGEUSDT,squeeze,92,—,55,ЛОНГ,0.09113,0.08975211,0.09227824,0.09304373,-0.016363,1.2521706804481965,3,5,26.15,-31.7,-24.2,0,0,0,-1.53,1.0,2026-04-13T14:57:14,0.09209,1.05,0,0,WIN,2026-04-13T14:57:15,0.09211,1.08,0,0,WIN
2026-04-12T09:56:48,AAVEUSDT,squeeze,92,—,41,ЛОНГ,89.78,87.5498648,91.638446,92.87741,-0.029406,3.0541957462772604,0,5,21.78,-23.2,19.2,0,0,0,-3.03,1.24,2026-04-13T14:57:16,94.93,5.74,1,0,TP1,2026-04-13T14:57:17,94.96,5.77,1,0,TP1
2026-04-12T09:56:48,AVAXUSDT,squeeze,90,—,58,ЛОНГ,9.012,8.83842888,9.1566426,9.253071,-0.015782,-0.43529800834568183,0,5,20.26,-26.9,0.3,0,0,0,-2.85,1.55,2026-04-13T14:57:18,9.269,2.85,1,0,TP1,2026-04-13T14:57:18,9.269,2.85,1,0,TP1
2026-04-12T09:56:48,TRUMPUSDT,bos_fvg,89,—,50,ШОРТ,2.79,2.8422288,2.746476,2.71746,-0.14262999999999998,9.660707198621697,0,5,39.52,17.7,-25.4,0,0,0,-0.67,0.31,2026-04-13T14:57:20,2.818,1.0,0,0,LOSS,2026-04-13T14:57:20,2.818,1.0,0,0,LOSS
2026-04-12T09:56:48,OPUSDT,breakout,87,—,87,ЛОНГ,0.10815,0.10558036,0.11029137,0.11171895,0.002045,-1.0087979741826703,0,5,17.93,-19.5,24.1,0,0,0,-3.42,2.1,2026-04-13T14:57:21,0.10908,0.86,0,0,WIN,2026-04-13T14:57:22,0.10908,0.86,0,0,WIN
2026-04-12T09:56:48,XPLUSDT,breakout,86,—,86,ЛОНГ,0.12867,0.12452425,0.13212479,0.13442798,-0.009011,-1.0360358859656447,1,4,25.54,10.9,45.1,0,0,0,-2.85,0.99,2026-04-13T14:57:23,0.12852,-0.12,0,0,FLAT,2026-04-13T14:57:23,0.12852,-0.12,0,0,FLAT
2026-04-12T09:56:48,LINKUSDT,squeeze,85,—,45,ЛОНГ,8.78,8.6361836,8.899847,8.979745,-0.007899,-0.509692556332254,1,5,20.21,-11.2,-20.6,0,0,0,-2.45,1.44,2026-04-13T14:57:24,8.862,0.93,0,0,WIN,2026-04-13T14:57:25,8.861,0.92,0,0,WIN
2026-04-12T09:56:48,XRPUSDT,squeeze,84,—,36,ЛОНГ,1.3292,1.31293059,1.34275784,1.3517964,-0.016916,1.2247800869151662,1,5,23.17,-11.6,-42.5,0,0,0,-1.28,0.71,2026-04-13T14:57:26,1.3413,0.91,0,0,WIN,2026-04-13T14:57:27,1.3414,0.92,0,0,WIN
2026-04-12T09:56:48,AKEUSDT,squeeze,84,—,49,ЛОНГ,0.0005282,0.00044396,0.0005984,0.0006452,0.069608,-15.769806834149128,3,0,56.55,0.6,-14.1,1,1,0,-1.19,-1.69,2026-04-13T14:57:27,0.000553,4.7,0,0,WIN,2026-04-13T14:57:28,0.000553,4.7,0,0,WIN
2026-04-12T09:56:48,RENDERUSDT,breakout,83,—,83,ЛОНГ,1.8946,1.84139963,1.93893364,1.9684894,-0.004308,-6.83480496657335,2,5,5.63,-24.7,63.7,0,0,0,-4.94,3.19,2026-04-13T14:57:29,1.9025,0.42,0,0,FLAT,2026-04-13T14:57:30,1.9026,0.42,0,0,FLAT
2026-04-12T09:56:48,WIFUSDT,bos_fvg,80,—,71,ШОРТ,0.1893,0.19410443,0.1852963,0.18262718,0.005,3.609745234714222,3,5,27.33,-14.1,-35.6,0,0,0,-3.44,1.66,2026-04-13T14:57:30,0.18822,-0.57,0,0,WIN,2026-04-13T14:57:31,0.18823,-0.57,0,0,WIN
2026-04-12T09:56:48,1000BONKUSDT,bos_fvg,80,—,67,ШОРТ,0.0057215,0.00587186,0.0055962,0.00551267,-0.00996,3.6085518801596925,3,5,28.64,-23.6,9.1,0,0,0,-2.72,1.56,2026-04-13T14:57:32,0.005732,0.18,0,0,FLAT,2026-04-13T14:57:33,0.005732,0.18,0,0,FLAT
2026-04-12T09:56:48,LTCUSDT,squeeze,79,—,44,ЛОНГ,53.71,53.1395998,54.1853335,54.5022225,0.002704,-1.3253890440169338,2,5,17.67,-2.9,-17.5,0,0,0,-1.69,0.92,2026-04-13T14:57:33,53.23,-0.89,0,0,LOSS,2026-04-13T14:57:35,53.23,-0.89,0,0,LOSS
2026-04-12T09:56:48,ETHUSDT,squeeze,78,—,23,ЛОНГ,2213.15,2176.101869,2244.0234425,2264.6057375,-0.010657,-0.663894544988547,3,4,17.46,13.2,-0.3,0,0,0,-2.01,0.7,2026-04-13T14:57:37,2224.26,0.5,0,0,WIN,2026-04-13T14:57:39,2224.47,0.51,0,0,WIN
2026-04-12T09:56:48,NEARUSDT,squeeze,77,—,55,ЛОНГ,1.3279,1.2963491,1.35419242,1.3717207,-0.012218999999999999,-2.040699245012529,1,5,14.79,-9.7,-10.5,0,0,0,-3.47,0.69,2026-04-13T14:57:39,1.396,5.13,1,0,TP1,2026-04-13T14:57:40,1.396,5.13,1,0,TP1
2026-04-12T09:56:48,PENGUUSDT,squeeze,77,—,71,ЛОНГ,0.006594,0.00633881,0.00680666,0.00694843,-0.019144,2.2254332096764737,3,5,33.61,-9.8,-19.1,0,0,0,-4.54,0.86,2026-04-13T14:57:41,0.00663,0.55,0,0,WIN,2026-04-13T14:57:41,0.006629,0.53,0,0,WIN
2026-04-12T09:56:48,ONDOUSDT,bos_fvg,73,—,59,ШОРТ,0.2471,0.2519481,0.24305991,0.24036652,0.003745,1.314494309020677,0,5,23.08,-25.2,22.8,0,0,0,-2.51,1.55,2026-04-13T14:57:42,0.2528,2.31,0,1,STOP,2026-04-13T14:57:43,0.2527,2.27,0,1,STOP
2026-04-12T09:56:48,ARIAUSDT,squeeze,59,—,47,ЛОНГ,0.90751,0.74513831,1.04281974,1.13302623,0.060383,-2.7501930466009843,5,0,51.8,28.5,28.3,1,1,0,17.79,-36.93,2026-04-13T14:57:43,0.81234,-10.49,0,0,LOSS,2026-04-13T14:57:44,0.81234,-10.49,0,0,LOSS
2026-04-12T09:56:48,SUIUSDT,bos_fvg,59,—,48,ШОРТ,0.91184,0.92956617,0.89706819,0.88722032,0.00204,-1.6610281296010567,0,5,21.83,-26.5,19.9,0,0,0,-2.38,1.37,2026-04-13T14:57:45,0.9178,0.65,0,0,LOSS,2026-04-13T14:57:46,0.9178,0.65,0,0,LOSS
2026-04-12T10:00:37,ENJUSDT,breakout,173,—,173,ЛОНГ,0.033383,0.03042059,0.03585167,0.03749745,-0.048992,11.457088360897718,5,0,61.05,29.0,7.8,1,1,0,6.43,-9.86,2026-04-13T14:57:46,0.047362,41.87,1,0,TP1,2026-04-13T14:57:47,0.047363,41.88,1,0,TP1
2026-04-12T10:00:37,NOMUSDT,breakout,146,—,146,ЛОНГ,0.004228,0.00391826,0.00448612,0.0046582,-0.7149179999999999,12.427812780240464,0,5,37.52,11.9,-17.4,0,0,0,-1.23,2.8,2026-04-13T14:57:49,0.003605,-14.74,0,1,STOP,2026-04-13T14:57:51,0.003605,-14.74,0,1,STOP
2026-04-12T10:00:37,BLESSUSDT,bos_fvg,143,—,104,ЛОНГ,0.008179,0.00725592,0.00894823,0.00946106,0.005,59.849669496594,5,0,63.52,-0.5,12.0,1,1,0,2.66,-11.48,2026-04-13T14:57:51,0.013448,64.42,1,0,TP1,2026-04-13T14:57:52,0.013478,64.79,1,0,TP1
2026-04-12T10:00:37,SIRENUSDT,breakout,141,—,141,ЛОНГ,0.84234,0.77395884,0.8993243,0.93731383,-1.5643449999999999,6.213923907816544,5,0,68.43,5.3,-35.0,1,1,0,3.16,5.32,2026-04-13T14:57:53,0.78408,-6.92,0,0,LOSS,2026-04-13T14:57:54,0.78408,-6.92,0,0,LOSS
2026-04-12T10:00:37,SOLUSDT,squeeze,134,—,44,ЛОНГ,82.144,80.76890944,83.2899088,84.053848,-0.011243000000000001,-5.718048346791491,2,5,20.44,-16.9,-54.7,0,0,0,-2.04,1.44,2026-04-13T14:57:54,83.41,1.54,1,0,TP1,2026-04-13T14:57:55,83.41,1.54,1,0,TP1
2026-04-12T10:00:37,TONUSDT,bos_fvg,133,—,101,ЛОНГ,1.4205,1.37089614,1.46183655,1.48939425,-0.01724,8.757525573267362,5,0,36.52,1.2,9.5,1,1,0,-1.4,-2.76,2026-04-13T14:57:57,1.4436,1.63,0,0,WIN,2026-04-13T14:57:57,1.4436,1.63,0,0,WIN
2026-04-12T10:00:37,TRUUSDT,breakout,131,—,131,ЛОНГ,0.010611,0.00895887,0.01198778,0.01290563,-0.8891619999999999,44.405138711009755,5,0,56.75,19.8,-34.0,1,1,0,13.17,-36.94,2026-04-13T14:57:59,0.00765,-27.91,0,1,STOP,2026-04-13T14:58:00,0.00765,-27.91,0,1,STOP
2026-04-12T10:00:37,CLUSDT,bos_fvg,130,—,85,ЛОНГ,93.623,91.6850039,95.23799675,96.31466125,0.599213,54.28859853001532,4,2,73.31,5.6,-38.3,0,0,0,1.82,-1.1,2026-04-13T14:58:01,95.968,2.5,1,0,TP1,2026-04-13T14:58:01,95.971,2.51,1,0,TP1
2026-04-12T10:00:37,DASHUSDT,bos_fvg,128,—,105,ШОРТ,43.41,45.871347,41.3588775,39.9914625,0.001204,-9.000148234211194,3,4,37.72,-29.6,-1.9,0,1,0,-2.91,3.84,2026-04-13T14:58:02,41.58,-4.22,0,0,WIN,2026-04-13T14:58:03,41.59,-4.19,0,0,WIN
2026-04-12T10:00:37,TAOUSDT,bos_fvg,127,—,60,ШОРТ,265.72,275.3815792,257.668684,252.30114,-0.030245,12.344027742424704,3,5,48.72,-13.5,-9.5,0,0,0,-0.66,-0.71,2026-04-13T14:58:04,260.11,-2.11,0,0,WIN,2026-04-13T14:58:04,260.11,-2.11,0,0,WIN
2026-04-12T10:00:37,VVVUSDT,bos_fvg,119,—,113,ЛОНГ,7.9516,7.50360686,8.32492762,8.5738127,0.005,-1.2984644352201444,4,1,31.82,-20.5,-25.1,0,1,0,-4.74,2.35,2026-04-13T14:58:05,8.865,11.49,1,0,TP1,2026-04-13T14:58:06,8.8616,11.44,1,0,TP1
2026-04-12T10:00:37,FFUSDT,squeeze,118,—,114,ЛОНГ,0.08499,0.08108896,0.08824087,0.09040811,0.00125,-1.5755484532504374,5,2,25.28,-33.3,51.8,0,0,0,-6.22,4.91,2026-04-13T14:58:06,0.07782,-8.44,0,1,STOP,2026-04-13T14:58:07,0.07782,-8.44,0,1,STOP
2026-04-12T10:00:37,RAVEUSDT,squeeze,116,—,108,ЛОНГ,2.48785,2.12736053,2.78825789,2.98852981,-0.388782,-23.44829857413918,5,0,74.03,15.6,40.7,1,1,0,11.5,-9.76,2026-04-13T14:58:08,9.61325,286.41,1,0,TP1,2026-04-13T14:58:09,9.615,286.48,1,0,TP1
2026-04-12T10:00:37,LABUSDT,breakout,116,—,116,ЛОНГ,0.48608,0.44163284,0.5231193,0.54781216,0.005,-2.8405195345171124,5,1,58.86,1.9,-19.4,1,1,0,3.54,3.14,2026-04-13T14:58:10,0.58399,20.14,1,0,TP1,2026-04-13T14:58:11,0.58523,20.4,1,0,TP1
2026-04-12T10:00:37,ZECUSDT,breakout,114,—,114,ЛОНГ,367.58,356.662874,376.677605,382.742675,0.01,-7.200036248925478,3,2,39.01,-12.2,48.6,1,1,0,-0.52,1.79,2026-04-13T14:58:12,360.59,-1.9,0,0,LOSS,2026-04-13T14:58:13,360.59,-1.9,0,0,LOSS
2026-04-12T10:00:37,1000PEPEUSDT,squeeze,114,—,97,ЛОНГ,0.0034992,0.00339086,0.00358948,0.00364967,-0.009569,7.787420357922524,3,5,30.9,-36.8,11.8,0,0,0,-3.36,1.4,2026-04-13T14:58:15,0.003558,1.68,0,0,WIN,2026-04-13T14:58:15,0.003558,1.68,0,0,WIN
2026-04-12T10:00:37,XPLUSDT,squeeze,114,—,87,ЛОНГ,0.12842,0.12428231,0.13186808,0.1341668,-0.009045000000000001,-1.038649000974978,2,4,28.78,17.7,35.9,0,0,0,-2.97,1.21,2026-04-13T14:58:16,0.12857,0.12,0,0,FLAT,2026-04-13T14:58:18,0.12857,0.12,0,0,FLAT
2026-04-12T10:00:37,PUMPFUNUSDT,bos_fvg,113,—,92,ШОРТ,0.0017866,0.00183387,0.00174721,0.00172094,-0.032424,-3.1374808132587355,3,5,7.48,-16.7,-6.9,0,0,0,-4.0,1.39,2026-04-13T14:58:19,0.0018272,2.27,0,0,LOSS,2026-04-13T14:58:19,0.0018272,2.27,0,0,LOSS
2026-04-12T10:00:37,VIRTUALUSDT,squeeze,112,—,84,ЛОНГ,0.6508,0.63416555,0.66466204,0.6739034,-0.021017,2.125088023874345,2,5,9.86,-29.1,22.0,0,0,0,-3.03,1.82,2026-04-13T14:58:20,0.6765,3.95,1,0,TP1,2026-04-13T14:58:21,0.6765,3.95,1,0,TP1
2026-04-12T10:00:37,BCHUSDT,squeeze,112,—,58,ЛОНГ,425.1,419.36115,429.882375,433.070625,-0.014192999999999999,3.4404717544426,0,5,16.59,-34.7,6.4,0,0,0,-1.54,1.87,2026-04-13T14:58:23,427.0,0.45,0,0,FLAT,2026-04-13T14:58:23,426.9,0.42,0,0,FLAT
2026-04-12T10:00:37,WLDUSDT,squeeze,111,—,97,ЛОНГ,0.2914,0.28054244,0.30044797,0.30647995,-0.010053,-0.09377601425899096,5,2,39.5,-18.3,10.2,1,1,0,0.56,-1.08,2026-04-13T14:58:24,0.3028,3.91,1,0,TP1,2026-04-13T14:58:25,0.3028,3.91,1,0,TP1
2026-04-12T10:00:37,LITUSDT,breakout,110,—,110,ЛОНГ,1.0928,1.03083824,1.1444348,1.178858,-0.0015930000000000002,-0.6039001104564482,3,1,24.57,-56.4,-21.1,0,0,0,-5.72,2.42,2026-04-13T14:58:27,1.1412,4.43,0,0,WIN,2026-04-13T14:58:27,1.1412,4.43,0,0,WIN
2026-04-12T10:00:37,ADAUSDT,bos_fvg,109,—,71,ШОРТ,0.2399,0.24430456,0.23622953,0.23378255,0.01,0.4061435098746143,0,5,6.1,-41.2,22.2,0,0,0,-2.91,2.21,2026-04-13T14:58:28,0.2423,1.0,0,0,LOSS,2026-04-13T14:58:29,0.2423,1.0,0,0,LOSS
2026-04-12T10:00:37,HYPEUSDT,breakout,107,—,107,ЛОНГ,40.887,39.93760386,41.67816345,42.20560575,0.01,-2.3097546831328897,3,5,28.15,-4.3,-30.4,0,1,0,-2.52,1.96,2026-04-13T14:58:32,42.614,4.22,1,0,TP1,2026-04-13T14:58:32,42.632,4.27,1,0,TP1
2026-04-12T10:00:37,DOTUSDT,breakout,105,—,105,ЛОНГ,1.2166,1.19273031,1.23649141,1.24975235,-0.142096,7.630205251239425,0,5,1.5,-36.0,18.6,0,0,0,-3.77,2.64,2026-04-13T14:58:33,1.1776,-3.21,0,1,STOP,2026-04-13T14:58:35,1.1772,-3.24,0,1,STOP
2026-04-12T10:00:37,WLFIUSDT,bos_fvg,105,—,62,ШОРТ,0.0797,0.08218186,0.07763178,0.07625298,0.00385,-1.8069473056882754,0,4,53.33,-1.1,11.5,0,0,0,1.03,-0.63,2026-04-13T14:58:36,0.07979,0.11,0,0,FLAT,2026-04-13T14:58:37,0.07979,0.11,0,0,FLAT
2026-04-12T10:00:37,MAGMAUSDT,breakout,104,—,104,ЛОНГ,0.21078,0.18885045,0.22905463,0.24123771,0.104879,-6.221850674803122,5,1,73.75,21.0,-31.3,0,1,0,7.6,-1.12,2026-04-13T14:58:38,0.17814,-15.49,0,1,STOP,2026-04-13T14:58:39,0.17814,-15.49,0,1,STOP
2026-04-12T10:00:37,BTCUSDT,squeeze,98,—,45,ЛОНГ,71495.0,70697.1158,72159.9035,72603.1725,-0.0015780000000000002,-6.373858621790321,3,3,20.54,1.0,-15.6,0,0,0,-1.45,1.0,2026-04-13T14:58:39,72327.5,1.16,1,0,TP1,2026-04-13T14:58:41,72324.5,1.16,1,0,TP1
2026-04-12T10:00:37,BNBUSDT,squeeze,98,—,33,ЛОНГ,593.1,586.69452,598.4379,601.9965,-0.013852999999999999,0.5197851574860533,0,5,18.27,-41.0,-18.8,0,0,0,-1.32,1.16,2026-04-13T14:58:42,602.6,1.6,1,0,TP1,2026-04-13T14:58:43,602.6,1.6,1,0,TP1
2026-04-12T10:00:37,GALAUSDT,squeeze,98,—,85,ЛОНГ,0.002933,0.00287598,0.00298051,0.00301219,-0.012334,-3.282632543775548,3,5,18.57,-16.1,4.0,0,0,0,-1.85,1.58,2026-04-13T14:58:44,0.002959,0.89,0,0,WIN,2026-04-13T14:58:46,0.002959,0.89,0,0,WIN
2026-04-12T10:00:37,APTUSDT,squeeze,98,—,61,ЛОНГ,0.8213,0.80592526,0.83411228,0.8426538,-0.057385,1.1663697884922688,0,5,5.26,-29.6,-3.8,0,0,0,-3.03,1.73,2026-04-13T14:58:47,0.8423,2.56,1,0,TP1,2026-04-13T14:58:47,0.8422,2.54,1,0,TP1
2026-04-12T10:00:37,NEARUSDT,bos_fvg,96,—,55,ШОРТ,1.3273,1.35811991,1.30161675,1.28449457,-0.013350999999999998,-2.0438588920687817,1,5,8.92,-15.9,-23.9,0,0,0,-3.38,0.78,2026-04-13T14:58:48,1.3981,5.33,0,1,STOP,2026-04-13T14:58:49,1.3981,5.33,0,1,STOP
2026-04-12T10:00:37,SHIB1000USDT,squeeze,96,—,36,ЛОНГ,0.005831,0.00574493,0.00590272,0.00595054,-0.013884999999999998,9.169304418965458,1,5,20.49,-1.4,36.0,0,0,0,-1.39,0.74,2026-04-13T14:58:49,0.005815,-0.27,0,0,FLAT,2026-04-13T14:58:50,0.005815,-0.27,0,0,FLAT
2026-04-12T10:00:37,ASTERUSDT,squeeze,96,—,58,ЛОНГ,0.6654,0.65701596,0.6723867,0.6770445,0.005,-1.1657961712062976,5,5,25.52,26.6,25.9,0,0,0,-0.85,0.3,2026-04-13T14:58:51,0.6631,-0.35,0,0,FLAT,2026-04-13T14:58:51,0.6631,-0.35,0,0,FLAT
2026-04-12T10:00:37,RIVERUSDT,bos_fvg,95,—,24,ШОРТ,8.765,9.1105163,8.47706975,8.28511625,0.12934800000000002,1.3344213847560136,0,3,54.35,-47.0,56.5,0,0,0,-0.31,-1.79,2026-04-13T14:58:52,7.651,-12.71,1,0,TP1,2026-04-13T14:58:53,7.65,-12.72,1,0,TP1
2026-04-12T10:00:37,FARTCOINUSDT,bos_fvg,94,—,80,ЛОНГ,0.19297,0.18345272,0.20090107,0.20618844,0.005,-5.540488485439425,5,1,43.58,6.9,-9.5,0,1,0,-2.22,-0.56,2026-04-13T14:58:54,0.18855,-2.29,0,0,LOSS,2026-04-13T14:58:55,0.18858,-2.27,0,0,LOSS
2026-04-12T10:00:37,MONUSDT,breakout,93,—,93,ЛОНГ,0.033573,0.03215286,0.03475645,0.03554541,0.01,2.5333068750170553,3,0,24.3,-38.6,7.3,0,0,0,-4.43,4.24,2026-04-13T14:58:56,0.034743,3.48,0,0,WIN,2026-04-13T14:58:57,0.034743,3.48,0,0,WIN
2026-04-12T10:00:37,DOGEUSDT,squeeze,92,—,89,ЛОНГ,0.09114,0.08976196,0.09228836,0.09305394,-0.016233,1.3079900650310163,3,5,26.15,-31.7,17.5,0,0,0,-1.51,1.0,2026-04-13T14:58:57,0.09248,1.47,1,0,TP1,2026-04-13T14:58:58,0.09249,1.48,1,0,TP1
2026-04-12T10:00:37,AAVEUSDT,squeeze,92,—,35,ЛОНГ,89.77,87.7663336,91.439722,92.55287,-0.029001,3.054586701838011,0,5,7.76,-16.6,15.3,0,0,0,-3.0,1.29,2026-04-13T14:59:00,95.21,6.06,1,0,TP1,2026-04-13T14:59:01,95.24,6.09,1,0,TP1
2026-04-12T10:00:37,AVAXUSDT,squeeze,90,—,58,ЛОНГ,9.018,8.855676,9.15327,9.24345,-0.015156,-0.43762788833683863,0,5,9.14,-24.3,0.5,0,0,0,-2.8,1.51,2026-04-13T14:59:01,9.313,3.27,1,0,TP1,2026-04-13T14:59:02,9.313,3.27,1,0,TP1
2026-04-12T10:00:37,QUSDT,bos_fvg,90,—,52,ЛОНГ,0.009291,0.00845147,0.00999061,0.01045702,0.06510300000000001,29.30749580927917,5,0,62.44,-39.2,27.0,1,1,0,0.78,-9.57,2026-04-13T14:59:03,0.009403,1.21,0,0,WIN,2026-04-13T14:59:04,0.009403,1.21,0,0,WIN
2026-04-12T10:00:37,TRUMPUSDT,bos_fvg,89,—,26,ШОРТ,2.788,2.83918768,2.7453436,2.716906,-0.144433,9.625894250618483,0,5,30.22,16.3,-33.1,0,0,0,-0.68,0.4,2026-04-13T14:59:05,2.828,1.43,0,0,LOSS,2026-04-13T14:59:07,2.826,1.36,0,0,LOSS
2026-04-12T10:00:37,RENDERUSDT,breakout,89,—,89,ЛОНГ,1.893,1.84222974,1.93530855,1.96351425,-0.003974999999999999,-6.842923501681539,2,5,4.63,-22.8,59.9,0,0,0,-4.84,3.33,2026-04-13T14:59:08,1.9135,1.08,0,0,WIN,2026-04-13T14:59:09,1.9135,1.08,0,0,WIN
2026-04-12T10:00:37,XRPUSDT,squeeze,88,—,48,ЛОНГ,1.3296,1.3133257,1.34316192,1.3522032,-0.016611,1.28133868941861,1,5,23.17,-11.6,-32.5,0,0,0,-1.25,0.68,2026-04-13T14:59:09,1.3455,1.2,1,0,TP1,2026-04-13T14:59:10,1.3451,1.17,1,0,TP1
2026-04-12T10:00:37,AKEUSDT,squeeze,88,—,61,ЛОНГ,0.0005243,0.00044087,0.00059382,0.00064017,0.063678,-15.837897604079204,3,0,55.8,14.5,-5.8,1,1,0,-1.87,-0.2,2026-04-13T14:59:11,0.0005493,4.77,0,0,WIN,2026-04-13T14:59:11,0.0005493,4.77,0,0,WIN
2026-04-12T10:00:37,LTCUSDT,bos_fvg,88,—,71,ШОРТ,53.71,54.2513968,53.258836,52.95806,0.003345,-1.042363751982975,2,5,10.79,-1.0,-31.9,0,0,0,-1.63,0.9,2026-04-13T14:59:12,53.35,-0.67,0,0,WIN,2026-04-13T14:59:13,53.35,-0.67,0,0,WIN
2026-04-12T10:00:37,1000BONKUSDT,bos_fvg,87,—,60,ШОРТ,0.0057192,0.00585818,0.00560339,0.00552618,-0.008553999999999999,4.208521534925069,3,5,16.49,-19.9,13.9,0,0,0,-2.72,1.64,2026-04-13T14:59:13,0.005763,0.77,0,0,LOSS,2026-04-13T14:59:14,0.005763,0.77,0,0,LOSS
2026-04-12T10:00:37,OPUSDT,breakout,87,—,87,ЛОНГ,0.10807,0.10561897,0.11011252,0.1114742,0.000976,-1.3761031039473777,0,5,6.62,-7.7,2.6,0,0,0,-3.37,2.16,2026-04-13T14:59:15,0.10957,1.39,0,0,WIN,2026-04-13T14:59:16,0.10955,1.37,0,0,WIN
2026-04-12T10:00:37,LINKUSDT,squeeze,85,—,57,ЛОНГ,8.782,8.64605464,8.8952878,8.970813,-0.007836000000000001,-0.5068357834387728,1,5,12.04,-8.9,-19.6,0,0,0,-2.41,1.44,2026-04-13T14:59:18,8.903,1.38,1,0,TP1,2026-04-13T14:59:18,8.906,1.41,1,0,TP1
2026-04-12T10:00:37,WIFUSDT,bos_fvg,82,—,71,ШОРТ,0.18927,0.19359671,0.18566441,0.18326068,0.005,3.6636656523873996,3,5,9.6,-20.9,-32.9,0,0,0,-3.37,1.71,2026-04-13T14:59:19,0.18917,-0.05,0,0,FLAT,2026-04-13T14:59:20,0.18923,-0.02,0,0,FLAT
2026-04-12T10:00:37,CRVUSDT,squeeze,82,—,68,ЛОНГ,0.2122,0.20815122,0.21557398,0.2178233,-0.002043,1.3457107038182161,2,5,18.54,0.7,-19.9,0,0,0,-2.17,2.14,2026-04-13T14:59:20,0.2122,0.0,0,0,FLAT,2026-04-13T14:59:21,0.2122,0.0,0,0,FLAT
2026-04-12T10:00:37,ENAUSDT,bos_fvg,80,—,79,ШОРТ,0.09172,0.09437805,0.08950496,0.08802827,0.003371,3.702865726147057,3,5,22.92,22.8,28.0,0,0,0,-2.9,1.0,2026-04-13T14:59:22,0.09506,3.64,0,1,STOP,2026-04-13T14:59:23,0.09507,3.65,0,1,STOP
2026-04-12T10:00:37,ARBUSDT,bos_fvg,80,—,62,ШОРТ,0.10994,0.11271049,0.10763126,0.1060921,0.01,-0.20213468662326775,3,5,15.27,10.0,-26.5,0,0,0,-4.16,2.14,2026-04-13T14:59:23,0.11152,1.44,0,0,LOSS,2026-04-13T14:59:24,0.11152,1.44,0,0,LOSS
2026-04-12T10:00:37,XAUTUSDT,bos_fvg,80,—,37,ЖДАТЬ,4700.64,4694.529168,4706.750832,4712.861664,0.005,-0.04390137263478053,3,3,26.1,8.1,-9.9,0,0,0,-0.23,0.26,2026-04-13T14:59:25,4687.4,-0.28,1,0,TP1,2026-04-13T14:59:26,4687.4,-0.28,1,0,TP1
2026-04-12T10:00:37,PENGUUSDT,squeeze,77,—,49,ЛОНГ,0.006591,0.00637152,0.0067739,0.00689583,-0.019881,2.1691402358254956,3,5,10.76,-8.0,-17.2,0,0,0,-4.56,0.94,2026-04-13T14:59:26,0.00667,1.2,0,0,WIN,2026-04-13T14:59:27,0.00667,1.2,0,0,WIN
2026-04-12T10:00:37,ONDOUSDT,bos_fvg,73,—,37,ШОРТ,0.247,0.25162384,0.2431468,0.240578,0.003984,1.3328285156707473,0,5,11.23,-22.3,20.4,0,0,0,-2.46,1.5,2026-04-13T14:59:28,0.2536,2.67,0,1,STOP,2026-04-13T14:59:29,0.2536,2.67,0,1,STOP
2026-04-12T10:00:37,ETHUSDT,bos_fvg,72,—,23,ШОРТ,2212.72,2249.7609328,2181.852556,2161.27426,-0.010909,-0.6683361765539415,3,4,17.46,13.2,-39.5,0,0,0,-2.03,0.71,2026-04-13T14:59:30,2232.61,0.9,0,0,LOSS,2026-04-13T14:59:31,2232.61,0.9,0,0,LOSS
2026-04-12T10:00:37,DRIFTUSDT,bos_fvg,69,—,64,ЛОНГ,0.03698,0.0337583,0.03966475,0.04145458,0.005,-6.0835799598235845,5,0,50.25,-8.3,-41.5,1,0,0,4.28,-6.35,2026-04-13T14:59:33,0.04096,10.76,1,0,TP1,2026-04-13T14:59:34,0.04096,10.76,1,0,TP1
2026-04-12T10:00:37,SUIUSDT,bos_fvg,65,—,20,ШОРТ,0.9116,0.92817289,0.89778926,0.8885821,0.001827,-1.6635383156317043,0,5,10.71,-25.0,28.5,0,0,0,-2.36,1.38,2026-04-13T14:59:34,0.9219,1.13,0,0,LOSS,2026-04-13T14:59:35,0.9219,1.13,0,0,LOSS
2026-04-12T10:00:37,ARIAUSDT,squeeze,59,—,47,ЛОНГ,0.90574,0.74335893,1.04105756,1.13126926,0.061101,-2.777695478022029,5,0,51.8,28.5,-8.8,1,1,0,17.55,-35.47,2026-04-13T14:59:36,0.81205,-10.34,0,0,LOSS,2026-04-13T14:59:38,0.81282,-10.26,0,0,LOSS
