дата,время_МСК,монета,тип,stage,сила_score,цена_входа,движение_max_4ч_%,направление,change_4h_%,исход,график_MEXC_TV
2026-05-02,01:19,XNYUSDT,rug_prep,🚨 РАСПРЕДЕЛЕНИЕ,80,0.00818,0,↑,-11.12,FLAT,https://www.tradingview.com/chart/?symbol=MEXC%3AXNYUSDT.P
2026-05-02,18:37,APEUSDT,rug_prep,🚨 РАСПРЕДЕЛЕНИЕ,94,0.17766,0,↑,0.6,FLAT,https://www.tradingview.com/chart/?symbol=MEXC%3AAPEUSDT.P
2026-05-02,19:05,1000000BABYDOGEUSDT,rug_prep,🚨 РАСПРЕДЕЛЕНИЕ,86,0.0004201,0,↑,-0.29,FLAT,https://www.tradingview.com/chart/?symbol=MEXC%3A1000000BABYDOGEUSDT.P
2026-05-03,02:02,XCNUSDT,rug_prep,🚨 РАСПРЕДЕЛЕНИЕ,79,0.005166,0,↑,0.0,FLAT,https://www.tradingview.com/chart/?symbol=MEXC%3AXCNUSDT.P
2026-05-03,15:49,XCNUSDT,pump,🟠 СКВИЗ SETUP,88,0.005116,0,↑,-0.23,FLAT,https://www.tradingview.com/chart/?symbol=MEXC%3AXCNUSDT.P
2026-05-04,00:20,1000BTTUSDT,rug_prep,🚨 РАСПРЕДЕЛЕНИЕ,80,0.0003237,0,↑,-0.77,FLAT,https://www.tradingview.com/chart/?symbol=MEXC%3A1000BTTUSDT.P
2026-05-04,01:02,AXLUSDT,rug_prep,🚨 РАСПРЕДЕЛЕНИЕ,80,0.08266,0,↑,-3.59,FLAT,https://www.tradingview.com/chart/?symbol=MEXC%3AAXLUSDT.P
2026-05-04,01:35,AXLUSDT,rug_prep,🚨 РАСПРЕДЕЛЕНИЕ,80,0.08296,0,↑,-2.89,FLAT,https://www.tradingview.com/chart/?symbol=MEXC%3AAXLUSDT.P
2026-05-04,14:59,REZUSDT,pump,🟠 PRE-BREAKOUT,80,0.005362,0,↑,2.63,FLAT,https://www.tradingview.com/chart/?symbol=MEXC%3AREZUSDT.P
2026-05-04,17:03,AIGENSYNUSDT,rug_prep,🚨 РАСПРЕДЕЛЕНИЕ,177,0.036,0,↑,1.31,FLAT,https://www.tradingview.com/chart/?symbol=MEXC%3AAIGENSYNUSDT.P
2026-05-04,19:35,BIOUSDT,pump,🟠 СКВИЗ SETUP,78,0.05802,0,↑,-0.09,FLAT,https://www.tradingview.com/chart/?symbol=MEXC%3ABIOUSDT.P
2026-05-04,20:04,1000BTTUSDT,rug_prep,🚨 РАСПРЕДЕЛЕНИЕ,75,0.0003244,0,↑,0.03,FLAT,https://www.tradingview.com/chart/?symbol=MEXC%3A1000BTTUSDT.P
2026-05-05,01:28,ZECUSDT,rug_prep,🚨 РАСПРЕДЕЛЕНИЕ,80,518.76,0,↑,1.17,FLAT,https://www.tradingview.com/chart/?symbol=MEXC%3AZECUSDT.P
2026-05-05,05:46,SOLUSDT,pump,🟠 PRE-BREAKOUT,81,84.69,0,↑,0.08,FLAT,https://www.tradingview.com/chart/?symbol=MEXC%3ASOLUSDT.P
2026-05-05,07:09,BSBUSDT,pump,🟠 СКВИЗ SETUP,86,0.6073,0,↑,3.61,FLAT,https://www.tradingview.com/chart/?symbol=MEXC%3ABSBUSDT.P
2026-05-05,07:30,1000PEPEUSDT,rug_prep,🚨 РАСПРЕДЕЛЕНИЕ,84,0.004038,0,↑,1.19,FLAT,https://www.tradingview.com/chart/?symbol=MEXC%3A1000PEPEUSDT.P
2026-05-05,08:32,DOGEUSDT,pump,🟠 PRE-BREAKOUT,92,0.11173,0,↑,-0.9,FLAT,https://www.tradingview.com/chart/?symbol=MEXC%3ADOGEUSDT.P
2026-05-05,12:05,ORDIUSDT,pump,🟠 СКВИЗ SETUP,78,5.031,0,↑,0.91,FLAT,https://www.tradingview.com/chart/?symbol=MEXC%3AORDIUSDT.P
2026-05-05,12:11,1000PEPEUSDT,rug_prep,🚨 РАСПРЕДЕЛЕНИЕ,82,0.004087,0,↑,0.22,FLAT,https://www.tradingview.com/chart/?symbol=MEXC%3A1000PEPEUSDT.P
2026-05-05,12:11,BCHUSDT,rug_prep,🚨 РАСПРЕДЕЛЕНИЕ,80,455.8,0,↑,0.97,FLAT,https://www.tradingview.com/chart/?symbol=MEXC%3ABCHUSDT.P
2026-05-06,06:32,BUSDT,rug_prep,🚨 РАСПРЕДЕЛЕНИЕ,80,0.45369,0,↑,-14.02,FLAT,https://www.tradingview.com/chart/?symbol=MEXC%3ABUSDT.P
2026-05-06,15:10,SOLUSDT,rug_prep,🚨 РАСПРЕДЕЛЕНИЕ,78,89.69,0,↑,-0.75,FLAT,https://www.tradingview.com/chart/?symbol=MEXC%3ASOLUSDT.P
2026-05-07,02:48,JTOUSDT,rug_prep,🚨 РАСПРЕДЕЛЕНИЕ,80,0.5958,0,↑,-1.23,FLAT,https://www.tradingview.com/chart/?symbol=MEXC%3AJTOUSDT.P
2026-05-07,07:40,WIFUSDT,rug_prep,🚨 РАСПРЕДЕЛЕНИЕ,78,0.21437,0,↑,0.11,FLAT,https://www.tradingview.com/chart/?symbol=MEXC%3AWIFUSDT.P
2026-05-07,10:10,TONUSDT,rug_prep,🚨 РАСПРЕДЕЛЕНИЕ,80,2.863,0,↑,-10.03,FLAT,https://www.tradingview.com/chart/?symbol=MEXC%3ATONUSDT.P
2026-05-07,15:20,IOUSDT,rug_prep,🚨 РАСПРЕДЕЛЕНИЕ,88,0.15124,0,↑,-0.88,FLAT,https://www.tradingview.com/chart/?symbol=MEXC%3AIOUSDT.P
2026-05-08,12:54,NILUSDT,rug_prep,🚨 РАСПРЕДЕЛЕНИЕ,80,0.0716,0,↑,-3.67,FLAT,https://www.tradingview.com/chart/?symbol=MEXC%3ANILUSDT.P
2026-05-08,14:49,CLUSDT,pump,🟠 PRE-BREAKOUT,88,93.96,0,↑,0.78,FLAT,https://www.tradingview.com/chart/?symbol=MEXC%3ACLUSDT.P
2026-05-08,15:05,BILLUSDT,rug_prep,🚨 РАСПРЕДЕЛЕНИЕ,95,0.08856,0,↑,-1.47,FLAT,https://www.tradingview.com/chart/?symbol=MEXC%3ABILLUSDT.P
2026-05-08,15:38,CHIPUSDT,rug_prep,🚨 РАСПРЕДЕЛЕНИЕ,88,0.067,0,↑,11.27,FLAT,https://www.tradingview.com/chart/?symbol=MEXC%3ACHIPUSDT.P
2026-05-08,20:37,HMSTRUSDT,pump,🟠 PRE-BREAKOUT,78,0.0001894,0,↑,0.05,FLAT,https://www.tradingview.com/chart/?symbol=MEXC%3AHMSTRUSDT.P
2026-05-09,01:39,BANANAUSDT,pump,🔴 ПРУЖИНА,100,5.029,18.9,↓,-14.4,LOSS,https://www.tradingview.com/chart/?symbol=MEXC%3ABANANAUSDT.P
2026-05-09,03:18,PLAYSOUTUSDT,rug_prep,⚠ СКРЫТЫЙ ШОРТ,80,0.08643,0,↑,14.89,FLAT,https://www.tradingview.com/chart/?symbol=MEXC%3APLAYSOUTUSDT.P
2026-05-09,11:10,DASHUSDT,pump,🟠 PRE-BREAKOUT,88,50.19,0,↑,-1.26,FLAT,https://www.tradingview.com/chart/?symbol=MEXC%3ADASHUSDT.P
2026-05-09,23:24,OPENUSDT,pump,🟠 PRE-BREAKOUT,103,0.19667,1.8,↑,-0.07,FLAT,https://www.tradingview.com/chart/?symbol=MEXC%3AOPENUSDT.P
2026-05-10,00:08,XAGUSDT,pump,🟠 PRE-BREAKOUT,113,80.12,1.3,↓,0.22,FLAT,https://www.tradingview.com/chart/?symbol=MEXC%3AXAGUSDT.P
2026-05-10,00:10,XAGUSDT,pump,🟠 PRE-BREAKOUT,113,80.17,1.4,↓,-0.17,FLAT,https://www.tradingview.com/chart/?symbol=MEXC%3AXAGUSDT.P
2026-05-10,00:15,AAVEUSDT,pump,🟠 PRE-BREAKOUT,88,99.47,3.4,↑,1.54,FLAT,https://www.tradingview.com/chart/?symbol=MEXC%3AAAVEUSDT.P
2026-05-10,00:15,HYPEUSDT,pump,🟠 PRE-BREAKOUT,86,42.188,2.3,↑,1.24,FLAT,https://www.tradingview.com/chart/?symbol=MEXC%3AHYPEUSDT.P
2026-05-10,01:19,CLUSDT,rug_prep,🚨 РАСПРЕДЕЛЕНИЕ,85,95.95,2.1,↓,1.28,FLAT,https://www.tradingview.com/chart/?symbol=MEXC%3ACLUSDT.P
2026-05-10,01:59,CLUSDT,rug_prep,🚨 РАСПРЕДЕЛЕНИЕ,85,96.62,1.4,↓,1.36,FLAT,https://www.tradingview.com/chart/?symbol=MEXC%3ACLUSDT.P
2026-05-10,03:45,OPENUSDT,pump,🟠 PRE-BREAKOUT,88,0.19532,2.9,↓,-0.51,FLAT,https://www.tradingview.com/chart/?symbol=MEXC%3AOPENUSDT.P
2026-05-10,10:39,QUSDT,rug_prep,🚨 РАСПРЕДЕЛЕНИЕ,85,0.017105,6.5,↓,4.3,LOSS,https://www.tradingview.com/chart/?symbol=MEXC%3AQUSDT.P
2026-05-10,14:16,DOGEUSDT,pump,🔴 ПРУЖИНА,88,0.10841,0.5,↓,-0.02,FLAT,https://www.tradingview.com/chart/?symbol=MEXC%3ADOGEUSDT.P
2026-05-10,14:27,DOGEUSDT,pump,🔴 ПРУЖИНА,88,0.10809,0.4,↑,0.2,FLAT,https://www.tradingview.com/chart/?symbol=MEXC%3ADOGEUSDT.P
2026-05-10,16:58,EGLDUSDT,pump,🟠 PRE-BREAKOUT,120,4.725,1.4,↓,1.16,FLAT,https://www.tradingview.com/chart/?symbol=MEXC%3AEGLDUSDT.P
2026-05-10,17:49,WALUSDT,pump,🔴 ПРУЖИНА,115,0.08337,6.9,↑,6.85,FLAT,https://www.tradingview.com/chart/?symbol=MEXC%3AWALUSDT.P
2026-05-10,17:57,WALUSDT,pump,🔴 ПРУЖИНА,115,0.08337,7.2,↑,7.14,FLAT,https://www.tradingview.com/chart/?symbol=MEXC%3AWALUSDT.P
2026-05-10,18:05,LABUSDT,pump,🔴 ПРУЖИНА,108,4.6024,8.4,↑,-0.09,LOSS,https://www.tradingview.com/chart/?symbol=MEXC%3ALABUSDT.P
2026-05-10,18:14,EGLDUSDT,pump,🔴 ПРУЖИНА,138,4.672,3.0,↑,3.02,FLAT,https://www.tradingview.com/chart/?symbol=MEXC%3AEGLDUSDT.P
2026-05-10,18:14,LABUSDT,pump,🔴 ПРУЖИНА,108,4.6141,8.1,↑,-0.39,LOSS,https://www.tradingview.com/chart/?symbol=MEXC%3ALABUSDT.P
2026-05-10,20:29,NAORISUSDT,pump,🔴 ПРУЖИНА,88,0.09151,7.7,↓,-2.03,LOSS,https://www.tradingview.com/chart/?symbol=MEXC%3ANAORISUSDT.P
2026-05-10,20:30,NAORISUSDT,pump,🔴 ПРУЖИНА,88,0.09159,7.7,↓,-2.0,LOSS,https://www.tradingview.com/chart/?symbol=MEXC%3ANAORISUSDT.P
2026-05-11,04:19,XAUUSDT,pump,🔴 ПРУЖИНА,115,4695.4,0.5,↓,-0.38,FLAT,https://www.tradingview.com/chart/?symbol=MEXC%3AXAUUSDT.P
2026-05-11,04:20,XAUUSDT,pump,🔴 ПРУЖИНА,115,4699.93,0.6,↓,-0.48,FLAT,https://www.tradingview.com/chart/?symbol=MEXC%3AXAUUSDT.P
2026-05-11,05:35,ENSUSDT,pump,🟠 PRE-BREAKOUT,110,7.246,4.6,↑,3.38,FLAT,https://www.tradingview.com/chart/?symbol=MEXC%3AENSUSDT.P
2026-05-11,05:39,ENSUSDT,pump,🟠 PRE-BREAKOUT,110,7.236,4.8,↑,3.36,FLAT,https://www.tradingview.com/chart/?symbol=MEXC%3AENSUSDT.P
2026-05-11,06:05,USUSDT,pump,🔴 ПРУЖИНА,88,0.006297,3.8,↑,2.99,LOSS,https://www.tradingview.com/chart/?symbol=MEXC%3AUSUSDT.P
2026-05-11,06:46,USUSDT,pump,🔴 ПРУЖИНА,90,0.006296,3.8,↑,3.3,LOSS,https://www.tradingview.com/chart/?symbol=MEXC%3AUSUSDT.P
2026-05-11,07:27,MNTUSDT,pump,🟠 PRE-BREAKOUT,90,0.7037,0.7,↑,-0.5,FLAT,https://www.tradingview.com/chart/?symbol=MEXC%3AMNTUSDT.P
2026-05-11,08:23,XAUUSDT,pump,🟠 PRE-BREAKOUT,115,4677.75,0.5,↓,-0.31,FLAT,https://www.tradingview.com/chart/?symbol=MEXC%3AXAUUSDT.P
2026-05-11,08:43,XAUUSDT,pump,🟠 PRE-BREAKOUT,115,4678.36,0.6,↓,-0.23,FLAT,https://www.tradingview.com/chart/?symbol=MEXC%3AXAUUSDT.P
2026-05-11,09:02,XAGUSDT,pump,🟠 PRE-BREAKOUT,85,79.9,1.1,↑,0.4,FLAT,https://www.tradingview.com/chart/?symbol=MEXC%3AXAGUSDT.P
2026-05-11,19:34,CLUSDT,pump,🟠 PRE-BREAKOUT,85,96.82,1.0,↑,-0.6,FLAT,https://www.tradingview.com/chart/?symbol=MEXC%3ACLUSDT.P
2026-05-11,20:27,UBUSDT,pump,🔴 ПРУЖИНА,85,0.14718,7.0,↓,-2.36,LOSS,https://www.tradingview.com/chart/?symbol=MEXC%3AUBUSDT.P
2026-05-12,01:01,DYMUSDT,pump,🔴 ПРУЖИНА,115,0.03012,12.9,↑,-0.73,WIN,https://www.tradingview.com/chart/?symbol=MEXC%3ADYMUSDT.P
2026-05-12,10:17,BILLUSDT,pump,🔴 ПРУЖИНА,130,0.14172,13.1,↑,12.7,WIN,https://www.tradingview.com/chart/?symbol=MEXC%3ABILLUSDT.P
2026-05-12,11:59,FARTCOINUSDT,pump,🔴 ПРУЖИНА,113,0.24769,5.4,↓,-3.96,LOSS,https://www.tradingview.com/chart/?symbol=MEXC%3AFARTCOINUSDT.P
2026-05-12,12:14,MONUSDT,pump,🟠 PRE-BREAKOUT,86,0.031692,2.2,↓,-1.15,FLAT,https://www.tradingview.com/chart/?symbol=MEXC%3AMONUSDT.P
2026-05-12,12:55,IRYSUSDT,rug_prep,🚨 РАСПРЕДЕЛЕНИЕ,85,0.052842,11.4,↑,-8.33,WIN,https://www.tradingview.com/chart/?symbol=MEXC%3AIRYSUSDT.P
2026-05-12,14:50,NEARUSDT,pump,🟠 PRE-BREAKOUT,115,1.5458,2.1,↓,0.31,FLAT,https://www.tradingview.com/chart/?symbol=MEXC%3ANEARUSDT.P
2026-05-12,18:05,XAUUSDT,pump,🟠 PRE-BREAKOUT,103,4675.86,0.7,↓,0.55,FLAT,https://www.tradingview.com/chart/?symbol=MEXC%3AXAUUSDT.P
2026-05-12,18:12,ARUSDT,pump,🟠 PRE-BREAKOUT,113,2.3061,1.9,↓,0.97,FLAT,https://www.tradingview.com/chart/?symbol=MEXC%3AARUSDT.P
2026-05-12,19:09,ETHUSDT,pump,🔴 ПРУЖИНА,86,2264.49,1.0,↑,0.88,FLAT,https://www.tradingview.com/chart/?symbol=MEXC%3AETHUSDT.P
2026-05-13,06:23,TRUMPUSDT,pump,🟠 PRE-BREAKOUT,115,2.478,1.5,↓,-0.77,FLAT,https://www.tradingview.com/chart/?symbol=MEXC%3ATRUMPUSDT.P
2026-05-13,09:54,PEAQUSDT,pump,🔴 ПРУЖИНА,95,0.024884,9.6,↓,-7.65,LOSS,https://www.tradingview.com/chart/?symbol=MEXC%3APEAQUSDT.P
2026-05-13,12:15,IRYSUSDT,pump,🟠 PRE-BREAKOUT,90,0.058212,15.2,↓,-8.68,LOSS,https://www.tradingview.com/chart/?symbol=MEXC%3AIRYSUSDT.P
2026-05-13,16:23,JTOUSDT,pump,🟠 PRE-BREAKOUT,120,0.5145,7.6,↓,-5.93,LOSS,https://www.tradingview.com/chart/?symbol=MEXC%3AJTOUSDT.P
2026-05-13,17:06,FFUSDT,pump,🔴 ПРУЖИНА,115,0.08368,6.7,↑,6.07,FLAT,https://www.tradingview.com/chart/?symbol=MEXC%3AFFUSDT.P
2026-05-13,18:02,ETHUSDT,pump,🔴 ПРУЖИНА,115,2267.75,1.5,↓,-0.66,FLAT,https://www.tradingview.com/chart/?symbol=MEXC%3AETHUSDT.P
2026-05-13,18:16,OPGUSDT,pump,🔴 ПРУЖИНА,86,0.2667,7.9,↓,-4.27,LOSS,https://www.tradingview.com/chart/?symbol=MEXC%3AOPGUSDT.P
2026-05-14,05:28,UBUSDT,pump,🟠 PRE-BREAKOUT,88,0.20476,7.1,↓,-4.86,LOSS,https://www.tradingview.com/chart/?symbol=MEXC%3AUBUSDT.P
2026-05-14,07:22,PUMPFUNUSDT,pump,🟠 PRE-BREAKOUT,93,0.0018424,0.9,↑,0.28,FLAT,https://www.tradingview.com/chart/?symbol=MEXC%3APUMPFUNUSDT.P
2026-05-14,09:14,SIRENUSDT,pump,🔴 ПРУЖИНА,128,0.64118,21.8,↓,-18.1,LOSS,https://www.tradingview.com/chart/?symbol=MEXC%3ASIRENUSDT.P
2026-05-14,10:38,RIVERUSDT,pump,🟠 PRE-BREAKOUT,88,7.176,7.8,↑,3.3,FLAT,https://www.tradingview.com/chart/?symbol=MEXC%3ARIVERUSDT.P
2026-05-14,11:00,DOGEUSDT,pump,🟠 PRE-BREAKOUT,90,0.11386,1.0,↓,-0.37,FLAT,https://www.tradingview.com/chart/?symbol=MEXC%3ADOGEUSDT.P
2026-05-14,12:01,MLNUSDT,pump,🟡 НАКОПЛЕНИЕ,115,2.817,33.6,↑,16.58,LOSS,https://www.tradingview.com/chart/?symbol=MEXC%3AMLNUSDT.P
2026-05-14,12:08,BSBUSDT,pump,🔴 ПРУЖИНА,106,0.4064,5.3,↑,3.05,FLAT,https://www.tradingview.com/chart/?symbol=MEXC%3ABSBUSDT.P
2026-05-14,14:32,SIRENUSDT,pump,🔴 ПРУЖИНА,115,0.52829,10.4,↑,7.65,FLAT,https://www.tradingview.com/chart/?symbol=MEXC%3ASIRENUSDT.P
2026-05-15,01:02,NAORISUSDT,pump,🟠 PRE-BREAKOUT,93,0.0479,14.2,↓,-9.44,LOSS,https://www.tradingview.com/chart/?symbol=MEXC%3ANAORISUSDT.P
2026-05-15,07:31,PNUTUSDT,pump,🔴 ПРУЖИНА,120,0.06349,5.9,↓,-4.24,LOSS,https://www.tradingview.com/chart/?symbol=MEXC%3APNUTUSDT.P
2026-05-15,07:31,PLAYSOUTUSDT,rug_prep,🚨 РАСПРЕДЕЛЕНИЕ,95,0.11434,8.4,↑,-5.85,FLAT,https://www.tradingview.com/chart/?symbol=MEXC%3APLAYSOUTUSDT.P
2026-05-15,11:39,ZEREBROUSDT,pump,🔴 ПРУЖИНА,88,0.025827,24.5,↑,14.44,WIN,https://www.tradingview.com/chart/?symbol=MEXC%3AZEREBROUSDT.P
2026-05-15,12:30,TACUSDT,pump,🟠 PRE-BREAKOUT,100,0.021702,7.5,↓,-4.71,LOSS,https://www.tradingview.com/chart/?symbol=MEXC%3ATACUSDT.P
2026-05-17,02:08,CLUSDT,pump,🟠 PRE-BREAKOUT,130,102.19,2.0,↑,0.93,FLAT,https://www.tradingview.com/chart/?symbol=MEXC%3ACLUSDT.P
2026-05-17,23:16,1000PEPEUSDT,pump,🟠 PRE-BREAKOUT,120,0.003754,5.8,↓,-2.58,LOSS,https://www.tradingview.com/chart/?symbol=MEXC%3A1000PEPEUSDT.P
2026-05-18,05:12,XAGUSDT,pump,🔴 ПРУЖИНА,115,74.78,1.3,↑,0.51,FLAT,https://www.tradingview.com/chart/?symbol=MEXC%3AXAGUSDT.P
2026-05-18,06:15,PAXGUSDT,pump,🟠 PRE-BREAKOUT,88,4524.1,0.5,↑,0.47,FLAT,https://www.tradingview.com/chart/?symbol=MEXC%3APAXGUSDT.P
2026-05-18,07:37,MONUSDT,pump,🔴 ПРУЖИНА,101,0.027107,1.7,↓,-1.34,FLAT,https://www.tradingview.com/chart/?symbol=MEXC%3AMONUSDT.P
2026-05-18,08:05,BCHUSDT,pump,🔴 ПРУЖИНА,98,384.1,5.9,↓,-4.89,LOSS,https://www.tradingview.com/chart/?symbol=MEXC%3ABCHUSDT.P
2026-05-18,09:03,CLUSDT,pump,🟠 PRE-BREAKOUT,95,102.76,1.2,↓,-0.5,FLAT,https://www.tradingview.com/chart/?symbol=MEXC%3ACLUSDT.P
2026-05-18,11:10,BILLUSDT,pump,🔴 ПРУЖИНА,95,0.14473,5.3,↓,2.89,LOSS,https://www.tradingview.com/chart/?symbol=MEXC%3ABILLUSDT.P
2026-05-18,12:06,BCHUSDT,pump,🔴 ПРУЖИНА,88,365.2,4.8,↓,2.96,LOSS,https://www.tradingview.com/chart/?symbol=MEXC%3ABCHUSDT.P
2026-05-19,00:24,HOMEUSDT,pump,🔴 СКВИЗ SETUP,50,0.021352,2.6,↓,-0.27,FLAT,https://www.tradingview.com/chart/?symbol=MEXC%3AHOMEUSDT.P
2026-05-19,02:04,PROMPTUSDT,pump,🔴 СКВИЗ SETUP,50,0.04549,10.4,↑,-3.98,LOSS,https://www.tradingview.com/chart/?symbol=MEXC%3APROMPTUSDT.P
2026-05-19,05:10,BILLUSDT,pump,🟠 PRE-BREAKOUT,86,0.13456,6.8,↓,-4.57,LOSS,https://www.tradingview.com/chart/?symbol=MEXC%3ABILLUSDT.P
2026-05-19,07:16,LYNUSDT,pump,🟠 PRE-BREAKOUT,93,0.0413,2.5,↑,0.87,FLAT,https://www.tradingview.com/chart/?symbol=MEXC%3ALYNUSDT.P
2026-05-19,07:45,INJUSDT,pump,🟠 PRE-BREAKOUT,115,5.141,3.6,↓,-2.96,LOSS,https://www.tradingview.com/chart/?symbol=MEXC%3AINJUSDT.P
2026-05-19,11:32,ONTUSDT,pump,🔴 СКВИЗ SETUP,75,0.06447,8.1,↑,1.3,FLAT,https://www.tradingview.com/chart/?symbol=MEXC%3AONTUSDT.P
2026-05-19,11:32,ONTUSDT,pump,🔴 СКВИЗ SETUP,90,0.06446,8.1,↑,1.32,FLAT,https://www.tradingview.com/chart/?symbol=MEXC%3AONTUSDT.P
2026-05-19,11:51,RONINUSDT,pump,🔴 СКВИЗ SETUP,50,0.11603,9.9,↑,3.83,LOSS,https://www.tradingview.com/chart/?symbol=MEXC%3ARONINUSDT.P
2026-05-19,11:51,RONINUSDT,pump,🔴 СКВИЗ SETUP,65,0.11575,10.2,↑,4.08,FLAT,https://www.tradingview.com/chart/?symbol=MEXC%3ARONINUSDT.P
2026-05-19,16:02,AIGENSYNUSDT,pump,🔴 СКВИЗ SETUP,110,0.03571,3.8,↓,-1.79,LOSS,https://www.tradingview.com/chart/?symbol=MEXC%3AAIGENSYNUSDT.P
2026-05-19,18:27,MLNUSDT,pump,🔴 СКВИЗ SETUP,65,2.315,6.3,↓,-5.31,LOSS,https://www.tradingview.com/chart/?symbol=MEXC%3AMLNUSDT.P
2026-05-19,18:29,ENJUSDT,pump,🔴 СКВИЗ SETUP,65,0.04784,4.6,↑,2.04,LOSS,https://www.tradingview.com/chart/?symbol=MEXC%3AENJUSDT.P
2026-05-20,00:56,JTOUSDT,pump,🔴 СКВИЗ SETUP,50,0.5386,4.9,↓,1.78,LOSS,https://www.tradingview.com/chart/?symbol=MEXC%3AJTOUSDT.P
2026-05-20,07:33,IRYSUSDT,pump,🔴 СКВИЗ SETUP,60,0.035811,8.1,↑,4.07,FLAT,https://www.tradingview.com/chart/?symbol=MEXC%3AIRYSUSDT.P
2026-05-20,08:00,FOGOUSDT,pump,🔴 СКВИЗ SETUP,70,0.0155,9.9,↑,6.71,FLAT,https://www.tradingview.com/chart/?symbol=MEXC%3AFOGOUSDT.P
2026-05-20,09:00,FIDAUSDT,pump,🔴 СКВИЗ SETUP,65,0.026517,7.6,↓,-3.19,LOSS,https://www.tradingview.com/chart/?symbol=MEXC%3AFIDAUSDT.P
2026-05-20,09:05,PROMPTUSDT,pump,🔴 СКВИЗ SETUP,50,0.04255,7.1,↓,-0.82,LOSS,https://www.tradingview.com/chart/?symbol=MEXC%3APROMPTUSDT.P
2026-05-20,13:32,DASHUSDT,pump,🔴 СКВИЗ SETUP,65,47.25,5.3,↑,3.72,FLAT,https://www.tradingview.com/chart/?symbol=MEXC%3ADASHUSDT.P
2026-05-20,13:58,CHIPUSDT,pump,🔴 СКВИЗ SETUP,53,0.05172,4.6,↑,1.08,FLAT,https://www.tradingview.com/chart/?symbol=MEXC%3ACHIPUSDT.P
2026-05-21,13:38,PROVEUSDT,pump,🔴 СКВИЗ SETUP,50,0.3539,9.6,↓,-7.91,LOSS,https://www.tradingview.com/chart/?symbol=MEXC%3APROVEUSDT.P
2026-05-21,13:45,ALTUSDT,pump,🔴 СКВИЗ SETUP,80,0.007404,3.1,↓,-2.03,LOSS,https://www.tradingview.com/chart/?symbol=MEXC%3AALTUSDT.P
2026-05-21,14:47,FIDAUSDT,pump,🔴 СКВИЗ SETUP,75,0.035657,34.3,↑,29.08,WIN,https://www.tradingview.com/chart/?symbol=MEXC%3AFIDAUSDT.P
2026-05-21,16:46,PENDLEUSDT,pump,🔴 СКВИЗ SETUP,65,1.8283,4.0,↑,3.43,FLAT,https://www.tradingview.com/chart/?symbol=MEXC%3APENDLEUSDT.P
2026-05-21,16:57,CHIPUSDT,pump,🔴 СКВИЗ SETUP,83,0.04876,2.0,↑,1.39,FLAT,https://www.tradingview.com/chart/?symbol=MEXC%3ACHIPUSDT.P
2026-05-21,17:30,ALGOUSDT,pump,🔴 СКВИЗ SETUP,75,0.11483,2.1,↑,1.57,FLAT,https://www.tradingview.com/chart/?symbol=MEXC%3AALGOUSDT.P
2026-05-21,18:21,BLENDUSDT,pump,🔴 СКВИЗ SETUP,65,0.1055,1.2,↑,0.19,FLAT,https://www.tradingview.com/chart/?symbol=MEXC%3ABLENDUSDT.P
2026-05-22,00:25,BOBBOBUSDT,pump,🔴 СКВИЗ SETUP,60,0.010608,14.0,↓,-9.84,LOSS,https://www.tradingview.com/chart/?symbol=MEXC%3ABOBBOBUSDT.P
2026-05-22,11:56,ALTUSDT,pump,🔴 СКВИЗ SETUP,100,0.009888,10.5,↑,-2.09,LOSS,https://www.tradingview.com/chart/?symbol=MEXC%3AALTUSDT.P
2026-05-22,12:46,10000NEXUSDT,pump,🔴 СКВИЗ SETUP,45,0.04666,7.9,↓,-3.6,LOSS,https://www.tradingview.com/chart/?symbol=MEXC%3A10000NEXUSDT.P
2026-05-22,23:03,10000NEXUSDT,pump,🔴 СКВИЗ SETUP,60,0.043,10.0,↓,1.51,LOSS,https://www.tradingview.com/chart/?symbol=MEXC%3A10000NEXUSDT.P
2026-05-23,08:20,BEATUSDT,rug_prep,📉 CVD BEAR DIV,60,1.2916,11.9,↑,-4.05,WIN,https://www.tradingview.com/chart/?symbol=MEXC%3ABEATUSDT.P
2026-05-23,08:42,ALTUSDT,rug_prep,📉 CVD BEAR DIV,60,0.007793,14.8,↓,2.96,LOSS,https://www.tradingview.com/chart/?symbol=MEXC%3AALTUSDT.P
2026-05-23,08:49,EDENUSDT,rug_prep,📉 CVD BEAR DIV,80,0.09712,7.2,↑,0.0,LOSS,https://www.tradingview.com/chart/?symbol=MEXC%3AEDENUSDT.P
2026-05-23,08:51,PLUMEUSDT,rug_prep,📉 CVD BEAR DIV,60,0.013108,5.2,↑,-2.92,FLAT,https://www.tradingview.com/chart/?symbol=MEXC%3APLUMEUSDT.P
2026-05-23,08:53,VIRTUALUSDT,rug_prep,📉 CVD BEAR DIV,50,0.713,4.9,↑,-1.96,FLAT,https://www.tradingview.com/chart/?symbol=MEXC%3AVIRTUALUSDT.P
2026-05-24,01:27,SUPERUSDT,pump,🔴 СКВИЗ SETUP,70,0.13103,6.3,↓,-5.06,LOSS,https://www.tradingview.com/chart/?symbol=MEXC%3ASUPERUSDT.P
2026-05-25,13:44,BILLUSDT,rug_prep,📉 CVD BEAR DIV,60,0.11768,12.1,↑,-11.67,LOSS,https://www.tradingview.com/chart/?symbol=MEXC%3ABILLUSDT.P
2026-05-25,13:47,DRIFTUSDT,pump,🔴 СКВИЗ SETUP,95,0.0337,8.8,↑,0.65,FLAT,https://www.tradingview.com/chart/?symbol=MEXC%3ADRIFTUSDT.P
2026-05-25,14:03,EIGENUSDT,rug_prep,📉 CVD BEAR DIV,60,0.22987,11.9,↓,11.38,LOSS,https://www.tradingview.com/chart/?symbol=MEXC%3AEIGENUSDT.P
2026-05-25,17:20,PLAYSOUTUSDT,rug_prep,🚨 ПОСТ-ПАМП РАГ,90,0.10689,8.8,↓,-3.68,LOSS,https://www.tradingview.com/chart/?symbol=MEXC%3APLAYSOUTUSDT.P
2026-05-26,13:57,DRIFTUSDT,pump,🔴 СКВИЗ SETUP,75,0.04396,21.8,↓,-6.21,LOSS,https://www.tradingview.com/chart/?symbol=MEXC%3ADRIFTUSDT.P
2026-05-26,14:22,WLDUSDT,pump,🔴 СКВИЗ SETUP,110,0.3918,5.6,↑,1.25,LOSS,https://www.tradingview.com/chart/?symbol=MEXC%3AWLDUSDT.P
2026-05-26,14:48,DRIFTUSDT,pump,🔴 СКВИЗ SETUP,85,0.04572,24.8,↓,-8.38,LOSS,https://www.tradingview.com/chart/?symbol=MEXC%3ADRIFTUSDT.P
2026-05-26,16:30,XLMUSDT,rug_prep,📉 CVD BEAR DIV,50,0.14923,1.9,↑,-1.07,FLAT,https://www.tradingview.com/chart/?symbol=MEXC%3AXLMUSDT.P
2026-05-26,17:03,XMRUSDT,rug_prep,📉 CVD BEAR DIV,75,388.22,2.3,↑,-2.02,FLAT,https://www.tradingview.com/chart/?symbol=MEXC%3AXMRUSDT.P
2026-05-27,03:38,ESPORTSUSDT,pump,🔴 СКВИЗ SETUP,93,0.04706,16.6,↓,-16.04,LOSS,https://www.tradingview.com/chart/?symbol=MEXC%3AESPORTSUSDT.P
2026-05-27,04:38,DRIFTUSDT,pump,🔴 СКВИЗ SETUP,90,0.04473,18.0,↓,-16.77,LOSS,https://www.tradingview.com/chart/?symbol=MEXC%3ADRIFTUSDT.P
2026-05-29,08:31,ESPORTSUSDT,rug_prep,🚨 ПОСТ-ПАМП РАГ,72,0.04661,18.0,↑,-5.64,WIN,https://www.tradingview.com/chart/?symbol=MEXC%3AESPORTSUSDT.P
2026-05-29,19:11,IDUSDT,pump,🔴 СКВИЗ SETUP,100,0.03731,6.9,↓,-4.15,LOSS,https://www.tradingview.com/chart/?symbol=MEXC%3AIDUSDT.P
2026-05-31,01:07,ZORAUSDT,pump,🔴 СКВИЗ SETUP,80,0.011607,8.7,↑,-3.21,LOSS,https://www.tradingview.com/chart/?symbol=MEXC%3AZORAUSDT.P
2026-06-01,01:41,PLAYSOUTUSDT,rug_prep,🚨 ПОСТ-ПАМП РАГ,70,0.12925,7.0,↑,-1.66,LOSS,https://www.tradingview.com/chart/?symbol=MEXC%3APLAYSOUTUSDT.P
2026-06-01,06:07,PLAYSOUTUSDT,rug_prep,🚨 ПОСТ-ПАМП РАГ,90,0.12876,15.7,↓,-2.3,LOSS,https://www.tradingview.com/chart/?symbol=MEXC%3APLAYSOUTUSDT.P
2026-06-01,17:20,XLMUSDT,rug_prep,📉 CVD BEAR DIV,65,0.25318,3.6,↑,0.7,FLAT,https://www.tradingview.com/chart/?symbol=MEXC%3AXLMUSDT.P
2026-06-02,03:06,UBUSDT,rug_prep,🚨 ПОСТ-ПАМП РАГ,75,0.1901,3.5,↓,-1.91,LOSS,https://www.tradingview.com/chart/?symbol=MEXC%3AUBUSDT.P
2026-06-02,12:02,SUIUSDT,rug_prep,📉 CVD BEAR DIV,65,0.8441,1.0,↑,0.3,FLAT,https://www.tradingview.com/chart/?symbol=MEXC%3ASUIUSDT.P
2026-06-02,18:01,MYXUSDT,rug_prep,🚨 ПОСТ-ПАМП РАГ,90,0.3462,3.0,↓,0.78,LOSS,https://www.tradingview.com/chart/?symbol=MEXC%3AMYXUSDT.P
2026-06-07,11:49,AMATUSDT,pump,🔴 СКВИЗ SETUP,65,450.65,0.9,↓,-0.49,FLAT,https://www.tradingview.com/chart/?symbol=MEXC%3AAMATUSDT.P
2026-06-08,13:08,BEATUSDT,rug_prep,🚨 ПОСТ-ПАМП РАГ,85,4.1894,10.8,↓,-1.75,LOSS,https://www.tradingview.com/chart/?symbol=MEXC%3ABEATUSDT.P
2026-06-08,14:48,ZECUSDT,rug_prep,📉 CVD BEAR DIV,65,432.58,5.5,↓,2.86,LOSS,https://www.tradingview.com/chart/?symbol=MEXC%3AZECUSDT.P
2026-06-08,14:48,TIAUSDT,rug_prep,📉 CVD BEAR DIV,65,0.3217,1.5,↓,0.37,FLAT,https://www.tradingview.com/chart/?symbol=MEXC%3ATIAUSDT.P
2026-06-09,01:57,WIFUSDT,rug_prep,📉 CVD BEAR DIV,65,0.15436,2.0,↑,-1.66,FLAT,https://www.tradingview.com/chart/?symbol=MEXC%3AWIFUSDT.P
2026-06-09,09:04,ESPORTSUSDT,rug_prep,🚨 ПОСТ-ПАМП РАГ,100,0.07606,15.9,↓,11.0,LOSS,https://www.tradingview.com/chart/?symbol=MEXC%3AESPORTSUSDT.P
2026-06-10,03:01,SENTUSDT,rug_prep,📉 CVD BEAR DIV,65,0.015934,9.3,↓,-3.08,LOSS,https://www.tradingview.com/chart/?symbol=MEXC%3ASENTUSDT.P
2026-06-10,08:49,NEARUSDT,rug_prep,🐢 SLOW DIST,90,2.0446,2.8,↓,1.78,FLAT,https://www.tradingview.com/chart/?symbol=MEXC%3ANEARUSDT.P
2026-06-10,09:59,STGUSDT,pump,🔴 СКВИЗ SETUP,95,0.3923,12.8,↑,3.5,WIN,https://www.tradingview.com/chart/?symbol=MEXC%3ASTGUSDT.P
2026-06-10,12:42,HOMEUSDT,pump,🔴 СКВИЗ SETUP,88,0.032733,8.5,↑,2.05,LOSS,https://www.tradingview.com/chart/?symbol=MEXC%3AHOMEUSDT.P
2026-06-11,03:17,APTUSDT,pump,🔴 СКВИЗ SETUP,65,0.6279,2.2,↑,1.48,FLAT,https://www.tradingview.com/chart/?symbol=MEXC%3AAPTUSDT.P
2026-06-11,23:11,IDUSDT,pump,🔴 СКВИЗ SETUP,120,0.03515,5.9,↓,-2.05,LOSS,https://www.tradingview.com/chart/?symbol=MEXC%3AIDUSDT.P
2026-06-12,11:53,TRUMPUSDT,pump,🔴 СКВИЗ SETUP,83,1.901,16.6,↑,12.89,WIN,https://www.tradingview.com/chart/?symbol=MEXC%3ATRUMPUSDT.P
2026-06-12,14:20,BEATUSDT,rug_prep,🚨 ПОСТ-ПАМП РАГ,100,8.3625,21.7,↓,18.76,LOSS,https://www.tradingview.com/chart/?symbol=MEXC%3ABEATUSDT.P
2026-06-12,15:29,NEARUSDT,rug_prep,📉 CVD BEAR DIV,65,2.1032,4.2,↑,-3.11,FLAT,https://www.tradingview.com/chart/?symbol=MEXC%3ANEARUSDT.P
2026-06-12,16:14,HOMEUSDT,pump,🔴 СКВИЗ SETUP,90,0.029514,3.8,↓,1.82,LOSS,https://www.tradingview.com/chart/?symbol=MEXC%3AHOMEUSDT.P
2026-06-12,20:09,HUSDT,pump,🔴 СКВИЗ SETUP,75,0.26086,8.9,↑,4.89,LOSS,https://www.tradingview.com/chart/?symbol=MEXC%3AHUSDT.P
2026-06-15,09:32,SIRENUSDT,rug_prep,🚨 ПОСТ-ПАМП РАГ,85,0.05456,15.7,↓,9.27,LOSS,https://www.tradingview.com/chart/?symbol=MEXC%3ASIRENUSDT.P
2026-06-16,01:24,DOTUSDT,rug_prep,📉 CVD BEAR DIV,65,1.0145,2.2,↓,2.18,FLAT,https://www.tradingview.com/chart/?symbol=MEXC%3ADOTUSDT.P
2026-06-16,04:22,EVAAUSDT,rug_prep,🚨 ПОСТ-ПАМП РАГ,80,1.1245,37.1,↑,-36.32,LOSS,https://www.tradingview.com/chart/?symbol=MEXC%3AEVAAUSDT.P
2026-06-16,13:02,VELVETUSDT,rug_prep,🚨 ПОСТ-ПАМП РАГ,100,0.43057,16.3,↑,-10.71,WIN,https://www.tradingview.com/chart/?symbol=MEXC%3AVELVETUSDT.P
2026-06-16,23:39,BSBUSDT,rug_prep,🚨 ПОСТ-ПАМП РАГ,70,0.5624,8.6,↑,-3.02,FLAT,https://www.tradingview.com/chart/?symbol=MEXC%3ABSBUSDT.P
2026-06-17,16:27,SIRENUSDT,rug_prep,🚨 ПОСТ-ПАМП РАГ,85,0.04739,4.9,↑,-2.32,FLAT,https://www.tradingview.com/chart/?symbol=MEXC%3ASIRENUSDT.P
2026-06-17,17:15,ESPORTSUSDT,rug_prep,🚨 ПОСТ-ПАМП РАГ,95,0.08912,14.7,↓,2.22,LOSS,https://www.tradingview.com/chart/?symbol=MEXC%3AESPORTSUSDT.P
