dump_id,date,symbol,pct_chg,primary_cause,secondary_cause,all_catalysts,confidence,notes
0,2024-07-04 10:00:00+00:00,1000PEPEUSDT,20.19,unknown,none,unknown,NONE,fg=47(Fear); liq_cascade:pre_coverage; news_negative:pre_coverage; token_unlock:no_data
1,2024-08-04 12:00:00+00:00,1000PEPEUSDT,29.82,btc_cascade,none,btc_cascade,HIGH,fg=36(Fear); liq_cascade:pre_coverage; news_negative:pre_coverage; token_unlock:no_data
2,2024-10-01 12:00:00+00:00,1000PEPEUSDT,15.88,unknown,none,unknown,NONE,fg=56(Greed); liq_cascade:pre_coverage; news_negative:pre_coverage; token_unlock:no_data
3,2024-11-14 05:00:00+00:00,1000PEPEUSDT,20.66,unknown,none,unknown,NONE,fg=86(Extreme Greed); liq_cascade:pre_coverage; news_negative:pre_coverage; token_unlock:no_data
4,2024-12-09 18:00:00+00:00,1000PEPEUSDT,19.42,unknown,none,unknown,NONE,fg=78(Extreme Greed); liq_cascade:pre_coverage; news_negative:pre_coverage; token_unlock:no_data
5,2024-12-19 11:00:00+00:00,1000PEPEUSDT,25.76,unknown,none,unknown,NONE,fg=78(Extreme Greed); liq_cascade:pre_coverage; news_negative:pre_coverage; token_unlock:no_data
6,2025-01-19 02:00:00+00:00,1000PEPEUSDT,19.36,unknown,none,unknown,NONE,fg=77(Extreme Greed); liq_cascade:pre_coverage; news_negative:pre_coverage; token_unlock:no_data
7,2025-01-26 19:00:00+00:00,1000PEPEUSDT,18.54,unknown,none,unknown,NONE,fg=74(Greed); liq_cascade:pre_coverage; news_negative:pre_coverage; token_unlock:no_data
8,2025-02-02 05:00:00+00:00,1000PEPEUSDT,29.35,unknown,none,unknown,NONE,fg=64(Greed); liq_cascade:pre_coverage; news_negative:pre_coverage; token_unlock:no_data
9,2025-02-24 07:00:00+00:00,1000PEPEUSDT,16.26,unknown,none,unknown,NONE,fg=50(Neutral); liq_cascade:pre_coverage; news_negative:pre_coverage; token_unlock:no_data
10,2025-03-03 16:00:00+00:00,1000PEPEUSDT,16.96,btc_cascade,none,btc_cascade,HIGH,fg=30(Fear); liq_cascade:pre_coverage; news_negative:pre_coverage; token_unlock:no_data
11,2025-03-10 11:00:00+00:00,1000PEPEUSDT,16.23,macro_event,btc_cascade,macro_event|btc_cascade,HIGH,fg=24(Extreme Fear); liq_cascade:pre_coverage; news_negative:pre_coverage; token_unlock:no_data
12,2025-04-02 15:00:00+00:00,1000PEPEUSDT,18.09,unknown,none,unknown,NONE,fg=39(Fear); liq_cascade:pre_coverage; news_negative:pre_coverage; token_unlock:no_data
13,2025-04-06 08:00:00+00:00,1000PEPEUSDT,17.69,unknown,none,unknown,NONE,fg=32(Fear); liq_cascade:pre_coverage; news_negative:pre_coverage; token_unlock:no_data
14,2025-10-10 05:00:00+00:00,1000PEPEUSDT,29.39,unknown,none,unknown,NONE,fg=67(Greed); liq_cascade:pre_coverage; news_negative:pre_coverage; token_unlock:no_data
15,2025-11-20 12:00:00+00:00,1000PEPEUSDT,16.32,macro_event,none,macro_event,LOW,fg=13(Extreme Fear); liq_cascade:pre_coverage; news_negative:pre_coverage; token_unlock:no_data
16,2026-02-04 23:00:00+00:00,1000PEPEUSDT,18.46,macro_event,none,macro_event,LOW,fg=16(Extreme Fear); liq_cascade:pre_coverage; news_negative:pre_coverage; token_unlock:no_data
17,2024-11-13 18:00:00+00:00,1000PEPEUSDT,13.1,btc_cascade,none,btc_cascade,HIGH,fg=82(Extreme Greed); liq_cascade:pre_coverage; news_negative:pre_coverage; token_unlock:no_data
18,2025-10-10 20:00:00+00:00,1000PEPEUSDT,16.03,btc_cascade,none,btc_cascade,HIGH,fg=67(Greed); liq_cascade:pre_coverage; news_negative:pre_coverage; token_unlock:no_data
19,2024-07-04 09:00:00+00:00,ADAUSDT,18.77,unknown,none,unknown,NONE,fg=47(Fear); liq_cascade:pre_coverage; news_negative:pre_coverage; token_unlock:no_data
20,2024-08-04 12:00:00+00:00,ADAUSDT,20.36,btc_cascade,none,btc_cascade,HIGH,fg=36(Fear); liq_cascade:pre_coverage; news_negative:pre_coverage; token_unlock:no_data
21,2024-11-12 08:00:00+00:00,ADAUSDT,18.34,btc_cascade,none,btc_cascade,HIGH,fg=78(Extreme Greed); liq_cascade:pre_coverage; news_negative:pre_coverage; token_unlock:no_data
22,2024-12-19 13:00:00+00:00,ADAUSDT,20.73,unknown,none,unknown,NONE,fg=78(Extreme Greed); liq_cascade:pre_coverage; news_negative:pre_coverage; token_unlock:no_data
23,2025-01-07 10:00:00+00:00,ADAUSDT,15.56,unknown,none,unknown,NONE,fg=77(Extreme Greed); liq_cascade:pre_coverage; news_negative:pre_coverage; token_unlock:no_data
24,2025-01-19 01:00:00+00:00,ADAUSDT,15.42,unknown,none,unknown,NONE,fg=77(Extreme Greed); liq_cascade:pre_coverage; news_negative:pre_coverage; token_unlock:no_data
25,2025-02-02 01:00:00+00:00,ADAUSDT,30.85,unknown,none,unknown,NONE,fg=64(Greed); liq_cascade:pre_coverage; news_negative:pre_coverage; token_unlock:no_data
26,2025-03-03 01:00:00+00:00,ADAUSDT,27.5,unknown,none,unknown,NONE,fg=30(Fear); liq_cascade:pre_coverage; news_negative:pre_coverage; token_unlock:no_data
27,2025-04-06 06:00:00+00:00,ADAUSDT,19.41,unknown,none,unknown,NONE,fg=32(Fear); liq_cascade:pre_coverage; news_negative:pre_coverage; token_unlock:no_data
28,2025-10-10 05:00:00+00:00,ADAUSDT,24.79,unknown,none,unknown,NONE,fg=67(Greed); liq_cascade:pre_coverage; news_negative:pre_coverage; token_unlock:no_data
29,2025-11-20 12:00:00+00:00,ADAUSDT,15.09,macro_event,none,macro_event,LOW,fg=13(Extreme Fear); liq_cascade:pre_coverage; news_negative:pre_coverage; token_unlock:no_data
30,2025-02-03 00:00:00+00:00,ADAUSDT,18.04,btc_cascade,none,btc_cascade,HIGH,fg=64(Greed); liq_cascade:pre_coverage; news_negative:pre_coverage; token_unlock:no_data
31,2025-10-10 20:00:00+00:00,ADAUSDT,13.76,btc_cascade,none,btc_cascade,HIGH,fg=67(Greed); liq_cascade:pre_coverage; news_negative:pre_coverage; token_unlock:no_data
32,2024-06-17 01:00:00+00:00,ALTUSDT,20.0,unknown,none,unknown,NONE,fg=71(Greed); liq_cascade:pre_coverage; news_negative:pre_coverage; token_unlock:no_data
33,2024-07-04 03:00:00+00:00,ALTUSDT,24.62,btc_cascade,none,btc_cascade,HIGH,fg=47(Fear); liq_cascade:pre_coverage; news_negative:pre_coverage; token_unlock:no_data
34,2024-08-04 12:00:00+00:00,ALTUSDT,25.87,btc_cascade,none,btc_cascade,HIGH,fg=36(Fear); liq_cascade:pre_coverage; news_negative:pre_coverage; token_unlock:no_data
35,2024-10-01 04:00:00+00:00,ALTUSDT,21.62,unknown,none,unknown,NONE,fg=56(Greed); liq_cascade:pre_coverage; news_negative:pre_coverage; token_unlock:no_data
36,2024-10-02 03:00:00+00:00,ALTUSDT,18.07,unknown,none,unknown,NONE,fg=46(Fear); liq_cascade:pre_coverage; news_negative:pre_coverage; token_unlock:no_data
37,2024-11-12 08:00:00+00:00,ALTUSDT,17.21,btc_cascade,none,btc_cascade,HIGH,fg=78(Extreme Greed); liq_cascade:pre_coverage; news_negative:pre_coverage; token_unlock:no_data
38,2024-11-14 04:00:00+00:00,ALTUSDT,25.82,unknown,none,unknown,NONE,fg=86(Extreme Greed); liq_cascade:pre_coverage; news_negative:pre_coverage; token_unlock:no_data
39,2024-12-08 22:00:00+00:00,ALTUSDT,22.01,unknown,none,unknown,NONE,fg=77(Extreme Greed); liq_cascade:pre_coverage; news_negative:pre_coverage; token_unlock:no_data
40,2025-01-19 01:00:00+00:00,ALTUSDT,19.72,unknown,none,unknown,NONE,fg=77(Extreme Greed); liq_cascade:pre_coverage; news_negative:pre_coverage; token_unlock:no_data
41,2025-01-26 17:00:00+00:00,ALTUSDT,15.31,unknown,none,unknown,NONE,fg=74(Greed); liq_cascade:pre_coverage; news_negative:pre_coverage; token_unlock:no_data
42,2025-02-02 09:00:00+00:00,ALTUSDT,36.59,unknown,none,unknown,NONE,fg=64(Greed); liq_cascade:pre_coverage; news_negative:pre_coverage; token_unlock:no_data
43,2025-02-24 07:00:00+00:00,ALTUSDT,16.59,unknown,none,unknown,NONE,fg=50(Neutral); liq_cascade:pre_coverage; news_negative:pre_coverage; token_unlock:no_data
44,2025-04-06 06:00:00+00:00,ALTUSDT,16.58,unknown,none,unknown,NONE,fg=32(Fear); liq_cascade:pre_coverage; news_negative:pre_coverage; token_unlock:no_data
45,2025-06-16 09:00:00+00:00,ALTUSDT,29.83,unknown,none,unknown,NONE,fg=60(Greed); liq_cascade:pre_coverage; news_negative:pre_coverage; token_unlock:no_data
46,2025-07-11 05:00:00+00:00,ALTUSDT,27.78,unknown,none,unknown,NONE,fg=71(Greed); liq_cascade:pre_coverage; news_negative:pre_coverage; token_unlock:no_data
47,2025-07-28 00:00:00+00:00,ALTUSDT,20.22,unknown,none,unknown,NONE,fg=72(Greed); liq_cascade:pre_coverage; news_negative:pre_coverage; token_unlock:no_data
48,2025-09-21 18:00:00+00:00,ALTUSDT,15.54,unknown,none,unknown,NONE,fg=48(Neutral); liq_cascade:pre_coverage; news_negative:pre_coverage; token_unlock:no_data
49,2025-10-10 05:00:00+00:00,ALTUSDT,37.65,unknown,none,unknown,NONE,fg=67(Greed); liq_cascade:pre_coverage; news_negative:pre_coverage; token_unlock:no_data
50,2025-10-29 20:00:00+00:00,ALTUSDT,17.63,unknown,none,unknown,NONE,fg=50(Neutral); liq_cascade:pre_coverage; news_negative:pre_coverage; token_unlock:no_data
51,2025-11-03 05:00:00+00:00,ALTUSDT,23.89,unknown,none,unknown,NONE,fg=40(Fear); liq_cascade:pre_coverage; news_negative:pre_coverage; token_unlock:no_data
52,2025-11-21 05:00:00+00:00,ALTUSDT,18.43,macro_event,btc_cascade,macro_event|btc_cascade,HIGH,fg=12(Extreme Fear); liq_cascade:pre_coverage; news_negative:pre_coverage; token_unlock:no_data
53,2026-01-30 18:00:00+00:00,ALTUSDT,15.97,macro_event,stablecoin_outflow,macro_event|stablecoin_outflow,LOW,fg=21(Extreme Fear); liq_cascade:pre_coverage; news_negative:pre_coverage; token_unlock:no_data
54,2026-02-05 00:00:00+00:00,ALTUSDT,17.28,macro_event,none,macro_event,LOW,fg=16(Extreme Fear); liq_cascade:pre_coverage; news_negative:pre_coverage; token_unlock:no_data
55,2026-05-22 11:00:00+00:00,ALTUSDT,26.02,unknown,none,unknown,NONE,fg=28(Fear); token_unlock:no_data
56,2024-06-18 00:00:00+00:00,ALTUSDT,11.46,unknown,none,unknown,NONE,fg=71(Greed); liq_cascade:pre_coverage; news_negative:pre_coverage; token_unlock:no_data
57,2025-02-03 00:00:00+00:00,ALTUSDT,13.57,btc_cascade,none,btc_cascade,HIGH,fg=64(Greed); liq_cascade:pre_coverage; news_negative:pre_coverage; token_unlock:no_data
58,2025-06-16 09:00:00+00:00,ALTUSDT,12.76,unknown,none,unknown,NONE,fg=60(Greed); liq_cascade:pre_coverage; news_negative:pre_coverage; token_unlock:no_data
59,2025-10-10 20:00:00+00:00,ALTUSDT,21.07,btc_cascade,none,btc_cascade,HIGH,fg=67(Greed); liq_cascade:pre_coverage; news_negative:pre_coverage; token_unlock:no_data
60,2025-12-07 11:00:00+00:00,BEATUSDT,23.97,macro_event,none,macro_event,LOW,fg=22(Extreme Fear); liq_cascade:pre_coverage; news_negative:pre_coverage; token_unlock:no_data
61,2025-12-12 07:00:00+00:00,BEATUSDT,28.29,unknown,none,unknown,NONE,fg=29(Fear); liq_cascade:pre_coverage; news_negative:pre_coverage; token_unlock:no_data
62,2025-12-13 13:00:00+00:00,BEATUSDT,47.32,macro_event,none,macro_event,LOW,fg=26(Extreme Fear); liq_cascade:pre_coverage; news_negative:pre_coverage; token_unlock:no_data
63,2025-12-15 16:00:00+00:00,BEATUSDT,46.86,macro_event,btc_cascade,macro_event|btc_cascade,HIGH,fg=18(Extreme Fear); liq_cascade:pre_coverage; news_negative:pre_coverage; token_unlock:no_data
64,2025-12-17 02:00:00+00:00,BEATUSDT,21.36,macro_event,none,macro_event,LOW,fg=14(Extreme Fear); liq_cascade:pre_coverage; news_negative:pre_coverage; token_unlock:no_data
65,2025-12-18 15:00:00+00:00,BEATUSDT,37.08,macro_event,btc_cascade,macro_event|btc_cascade,HIGH,fg=16(Extreme Fear); liq_cascade:pre_coverage; news_negative:pre_coverage; token_unlock:no_data
66,2025-12-23 04:00:00+00:00,BEATUSDT,44.95,macro_event,stablecoin_outflow,macro_event|stablecoin_outflow,LOW,fg=24(Extreme Fear); liq_cascade:pre_coverage; news_negative:pre_coverage; token_unlock:no_data
67,2025-12-25 01:00:00+00:00,BEATUSDT,39.78,macro_event,none,macro_event,LOW,fg=24(Extreme Fear); liq_cascade:pre_coverage; news_negative:pre_coverage; token_unlock:no_data
68,2025-12-29 09:00:00+00:00,BEATUSDT,22.52,macro_event,btc_cascade,macro_event|btc_cascade,HIGH,fg=24(Extreme Fear); liq_cascade:pre_coverage; news_negative:pre_coverage; token_unlock:no_data
69,2026-02-14 23:00:00+00:00,BEATUSDT,33.0,macro_event,none,macro_event,LOW,fg=9(Extreme Fear); liq_cascade:pre_coverage; news_negative:pre_coverage; token_unlock:no_data
70,2026-04-02 10:00:00+00:00,BEATUSDT,19.08,macro_event,none,macro_event,LOW,fg=10(Extreme Fear); liq_cascade:pre_coverage; news_negative:pre_coverage; token_unlock:no_data
71,2026-04-07 16:00:00+00:00,BEATUSDT,16.81,macro_event,none,macro_event,LOW,fg=12(Extreme Fear); liq_cascade:pre_coverage; news_negative:pre_coverage; token_unlock:no_data
72,2026-05-24 02:00:00+00:00,BEATUSDT,22.24,macro_event,news_negative,macro_event|news_negative,LOW,fg=26(Extreme Fear); news=screener_SHORT_proxy_not_external_news; token_unlock:no_data
73,2025-11-20 13:00:00+00:00,BEATUSDT,16.75,macro_event,none,macro_event,LOW,fg=13(Extreme Fear); liq_cascade:pre_coverage; news_negative:pre_coverage; token_unlock:no_data
74,2025-11-21 03:00:00+00:00,BEATUSDT,15.33,macro_event,btc_cascade,macro_event|btc_cascade,HIGH,fg=12(Extreme Fear); liq_cascade:pre_coverage; news_negative:pre_coverage; token_unlock:no_data
75,2025-11-21 13:00:00+00:00,BEATUSDT,10.87,macro_event,btc_cascade,macro_event|btc_cascade,HIGH,fg=12(Extreme Fear); liq_cascade:pre_coverage; news_negative:pre_coverage; token_unlock:no_data
76,2025-12-08 05:00:00+00:00,BEATUSDT,10.8,macro_event,none,macro_event,LOW,fg=20(Extreme Fear); liq_cascade:pre_coverage; news_negative:pre_coverage; token_unlock:no_data
77,2025-12-12 11:00:00+00:00,BEATUSDT,21.74,unknown,none,unknown,NONE,fg=29(Fear); liq_cascade:pre_coverage; news_negative:pre_coverage; token_unlock:no_data
78,2025-12-12 20:00:00+00:00,BEATUSDT,11.59,unknown,none,unknown,NONE,fg=29(Fear); liq_cascade:pre_coverage; news_negative:pre_coverage; token_unlock:no_data
79,2025-12-14 19:00:00+00:00,BEATUSDT,12.46,macro_event,none,macro_event,LOW,fg=22(Extreme Fear); liq_cascade:pre_coverage; news_negative:pre_coverage; token_unlock:no_data
80,2025-12-15 16:00:00+00:00,BEATUSDT,11.43,macro_event,btc_cascade,macro_event|btc_cascade,HIGH,fg=18(Extreme Fear); liq_cascade:pre_coverage; news_negative:pre_coverage; token_unlock:no_data
81,2025-12-16 11:00:00+00:00,BEATUSDT,16.49,macro_event,none,macro_event,LOW,fg=14(Extreme Fear); liq_cascade:pre_coverage; news_negative:pre_coverage; token_unlock:no_data
82,2025-12-17 03:00:00+00:00,BEATUSDT,18.5,macro_event,none,macro_event,LOW,fg=14(Extreme Fear); liq_cascade:pre_coverage; news_negative:pre_coverage; token_unlock:no_data
83,2025-12-18 16:00:00+00:00,BEATUSDT,13.2,macro_event,btc_cascade,macro_event|btc_cascade,HIGH,fg=16(Extreme Fear); liq_cascade:pre_coverage; news_negative:pre_coverage; token_unlock:no_data
84,2025-12-19 08:00:00+00:00,BEATUSDT,13.23,macro_event,none,macro_event,LOW,fg=16(Extreme Fear); liq_cascade:pre_coverage; news_negative:pre_coverage; token_unlock:no_data
85,2025-12-21 20:00:00+00:00,BEATUSDT,10.26,macro_event,none,macro_event,LOW,fg=20(Extreme Fear); liq_cascade:pre_coverage; news_negative:pre_coverage; token_unlock:no_data
86,2025-12-24 00:00:00+00:00,BEATUSDT,14.73,macro_event,stablecoin_outflow,macro_event|stablecoin_outflow,LOW,fg=24(Extreme Fear); liq_cascade:pre_coverage; news_negative:pre_coverage; token_unlock:no_data
87,2025-12-24 12:00:00+00:00,BEATUSDT,15.36,macro_event,none,macro_event,LOW,fg=24(Extreme Fear); liq_cascade:pre_coverage; news_negative:pre_coverage; token_unlock:no_data
88,2025-12-25 23:00:00+00:00,BEATUSDT,16.73,macro_event,none,macro_event,LOW,fg=24(Extreme Fear); liq_cascade:pre_coverage; news_negative:pre_coverage; token_unlock:no_data
89,2025-12-30 00:00:00+00:00,BEATUSDT,17.79,macro_event,none,macro_event,LOW,fg=24(Extreme Fear); liq_cascade:pre_coverage; news_negative:pre_coverage; token_unlock:no_data
90,2026-01-01 07:00:00+00:00,BEATUSDT,14.02,macro_event,none,macro_event,LOW,fg=20(Extreme Fear); liq_cascade:pre_coverage; news_negative:pre_coverage; token_unlock:no_data
91,2026-01-01 11:00:00+00:00,BEATUSDT,11.38,macro_event,none,macro_event,LOW,fg=20(Extreme Fear); liq_cascade:pre_coverage; news_negative:pre_coverage; token_unlock:no_data
92,2026-01-02 09:00:00+00:00,BEATUSDT,10.72,macro_event,none,macro_event,LOW,fg=24(Extreme Fear); liq_cascade:pre_coverage; news_negative:pre_coverage; token_unlock:no_data
93,2026-01-03 17:00:00+00:00,BEATUSDT,11.06,unknown,none,unknown,NONE,fg=28(Fear); liq_cascade:pre_coverage; news_negative:pre_coverage; token_unlock:no_data
94,2026-01-06 07:00:00+00:00,BEATUSDT,10.38,unknown,none,unknown,NONE,fg=35(Fear); liq_cascade:pre_coverage; news_negative:pre_coverage; token_unlock:no_data
95,2026-01-14 05:00:00+00:00,BEATUSDT,11.89,unknown,none,unknown,NONE,fg=37(Fear); liq_cascade:pre_coverage; news_negative:pre_coverage; token_unlock:no_data
96,2026-01-18 23:00:00+00:00,BEATUSDT,17.64,btc_cascade,none,btc_cascade,HIGH,fg=50(Neutral); liq_cascade:pre_coverage; news_negative:pre_coverage; token_unlock:no_data
97,2026-02-15 00:00:00+00:00,BEATUSDT,10.66,macro_event,none,macro_event,LOW,fg=9(Extreme Fear); liq_cascade:pre_coverage; news_negative:pre_coverage; token_unlock:no_data
98,2026-04-17 06:00:00+00:00,BEATUSDT,10.54,macro_event,none,macro_event,LOW,fg=22(Extreme Fear); token_unlock:no_data
99,2026-05-22 13:00:00+00:00,BEATUSDT,14.51,unknown,none,unknown,NONE,fg=28(Fear); token_unlock:no_data
100,2024-08-04 12:00:00+00:00,BNBUSDT,21.74,btc_cascade,none,btc_cascade,HIGH,fg=36(Fear); liq_cascade:pre_coverage; news_negative:pre_coverage; token_unlock:no_data
101,2025-02-02 05:00:00+00:00,BNBUSDT,17.64,unknown,none,unknown,NONE,fg=64(Greed); liq_cascade:pre_coverage; news_negative:pre_coverage; token_unlock:no_data
102,2026-04-22 02:00:00+00:00,BSBUSDT,36.3,unknown,none,unknown,NONE,fg=32(Fear); token_unlock:no_data
103,2026-04-22 23:00:00+00:00,BSBUSDT,18.27,unknown,none,unknown,NONE,fg=32(Fear); token_unlock:no_data
104,2026-04-23 17:00:00+00:00,BSBUSDT,18.65,unknown,none,unknown,NONE,fg=39(Fear); token_unlock:no_data
105,2026-04-24 09:00:00+00:00,BSBUSDT,32.04,liq_cascade,none,liq_cascade,MEDIUM,fg=42(Fear); token_unlock:no_data
106,2026-04-25 18:00:00+00:00,BSBUSDT,24.99,unknown,none,unknown,NONE,fg=35(Fear); token_unlock:no_data
107,2026-04-26 06:00:00+00:00,BSBUSDT,29.98,unknown,none,unknown,NONE,fg=32(Fear); token_unlock:no_data
108,2026-04-27 02:00:00+00:00,BSBUSDT,20.21,unknown,none,unknown,NONE,fg=40(Fear); token_unlock:no_data
109,2026-04-27 07:00:00+00:00,BSBUSDT,19.47,unknown,none,unknown,NONE,fg=40(Fear); token_unlock:no_data
110,2026-04-29 05:00:00+00:00,BSBUSDT,64.29,unknown,none,unknown,NONE,fg=30(Fear); token_unlock:no_data
111,2026-04-30 05:00:00+00:00,BSBUSDT,20.67,unknown,none,unknown,NONE,fg=28(Fear); token_unlock:no_data
112,2026-04-30 16:00:00+00:00,BSBUSDT,22.15,unknown,none,unknown,NONE,fg=28(Fear); token_unlock:no_data
113,2026-05-04 04:00:00+00:00,BSBUSDT,53.27,unknown,none,unknown,NONE,fg=44(Fear); token_unlock:no_data
114,2026-05-08 16:00:00+00:00,BSBUSDT,31.5,unknown,none,unknown,NONE,fg=42(Fear); token_unlock:no_data
115,2026-05-19 18:00:00+00:00,BSBUSDT,32.02,liq_cascade,macro_event,liq_cascade|macro_event,MEDIUM,fg=26(Extreme Fear); token_unlock:no_data
116,2026-05-20 18:00:00+00:00,BSBUSDT,40.08,liq_cascade,macro_event,liq_cascade|macro_event,MEDIUM,fg=26(Extreme Fear); token_unlock:no_data
117,2026-05-21 16:00:00+00:00,BSBUSDT,52.97,unknown,none,unknown,NONE,fg=28(Fear); token_unlock:no_data
118,2026-05-25 14:00:00+00:00,BSBUSDT,48.89,macro_event,none,macro_event,LOW,fg=28(Extreme Fear); token_unlock:no_data
119,2026-04-22 02:00:00+00:00,BSBUSDT,16.69,unknown,none,unknown,NONE,fg=32(Fear); token_unlock:no_data
120,2026-04-23 17:00:00+00:00,BSBUSDT,15.18,unknown,none,unknown,NONE,fg=39(Fear); token_unlock:no_data
121,2026-04-24 09:00:00+00:00,BSBUSDT,13.26,liq_cascade,none,liq_cascade,MEDIUM,fg=42(Fear); token_unlock:no_data
122,2026-04-25 11:00:00+00:00,BSBUSDT,11.15,unknown,none,unknown,NONE,fg=35(Fear); token_unlock:no_data
123,2026-04-26 01:00:00+00:00,BSBUSDT,14.71,unknown,none,unknown,NONE,fg=32(Fear); token_unlock:no_data
124,2026-04-26 06:00:00+00:00,BSBUSDT,19.11,unknown,none,unknown,NONE,fg=32(Fear); token_unlock:no_data
125,2026-04-27 03:00:00+00:00,BSBUSDT,14.39,unknown,none,unknown,NONE,fg=40(Fear); token_unlock:no_data
126,2026-04-27 09:00:00+00:00,BSBUSDT,11.41,unknown,none,unknown,NONE,fg=40(Fear); token_unlock:no_data
127,2026-04-29 14:00:00+00:00,BSBUSDT,36.53,unknown,none,unknown,NONE,fg=30(Fear); token_unlock:no_data
128,2026-04-30 06:00:00+00:00,BSBUSDT,11.97,unknown,none,unknown,NONE,fg=28(Fear); token_unlock:no_data
129,2026-04-30 16:00:00+00:00,BSBUSDT,10.28,unknown,none,unknown,NONE,fg=28(Fear); token_unlock:no_data
130,2026-05-03 06:00:00+00:00,BSBUSDT,14.55,unknown,none,unknown,NONE,fg=43(Fear); token_unlock:no_data
131,2026-05-04 07:00:00+00:00,BSBUSDT,11.89,unknown,none,unknown,NONE,fg=44(Fear); token_unlock:no_data
132,2026-05-04 11:00:00+00:00,BSBUSDT,12.89,unknown,none,unknown,NONE,fg=44(Fear); token_unlock:no_data
133,2026-05-04 17:00:00+00:00,BSBUSDT,25.17,unknown,none,unknown,NONE,fg=44(Fear); token_unlock:no_data
134,2026-05-08 17:00:00+00:00,BSBUSDT,16.7,unknown,none,unknown,NONE,fg=42(Fear); token_unlock:no_data
135,2026-05-18 01:00:00+00:00,BSBUSDT,11.26,unknown,none,unknown,NONE,fg=28(Fear); token_unlock:no_data
136,2026-05-19 19:00:00+00:00,BSBUSDT,30.78,liq_cascade,macro_event,liq_cascade|macro_event,MEDIUM,fg=26(Extreme Fear); token_unlock:no_data
137,2026-05-20 19:00:00+00:00,BSBUSDT,27.89,liq_cascade,macro_event,liq_cascade|macro_event,MEDIUM,fg=26(Extreme Fear); token_unlock:no_data
138,2026-05-21 02:00:00+00:00,BSBUSDT,13.97,unknown,none,unknown,NONE,fg=28(Fear); token_unlock:no_data
139,2026-05-21 13:00:00+00:00,BSBUSDT,13.29,unknown,none,unknown,NONE,fg=28(Fear); token_unlock:no_data
140,2026-05-22 12:00:00+00:00,BSBUSDT,18.91,unknown,none,unknown,NONE,fg=28(Fear); token_unlock:no_data
141,2026-05-24 09:00:00+00:00,BSBUSDT,17.87,macro_event,news_negative,macro_event|news_negative,LOW,fg=26(Extreme Fear); news=screener_SHORT_proxy_not_external_news; token_unlock:no_data
142,2026-05-25 14:00:00+00:00,BSBUSDT,29.54,macro_event,none,macro_event,LOW,fg=28(Extreme Fear); token_unlock:no_data
143,2026-05-25 16:00:00+00:00,BSBUSDT,10.84,macro_event,none,macro_event,LOW,fg=28(Extreme Fear); token_unlock:no_data
144,2026-05-27 10:00:00+00:00,BSBUSDT,14.14,macro_event,news_negative,macro_event|news_negative,LOW,fg=30(Extreme Fear); news=screener_SHORT_proxy_not_external_news; token_unlock:no_data
145,2024-08-04 12:00:00+00:00,BTCUSDT,18.42,btc_cascade,none,btc_cascade,HIGH,fg=36(Fear); liq_cascade:pre_coverage; news_negative:pre_coverage; token_unlock:no_data
146,2024-07-04 03:00:00+00:00,DOGEUSDT,18.47,btc_cascade,none,btc_cascade,HIGH,fg=47(Fear); liq_cascade:pre_coverage; news_negative:pre_coverage; token_unlock:no_data
147,2024-08-04 12:00:00+00:00,DOGEUSDT,23.35,btc_cascade,none,btc_cascade,HIGH,fg=36(Fear); liq_cascade:pre_coverage; news_negative:pre_coverage; token_unlock:no_data
148,2024-11-12 08:00:00+00:00,DOGEUSDT,16.31,btc_cascade,none,btc_cascade,HIGH,fg=78(Extreme Greed); liq_cascade:pre_coverage; news_negative:pre_coverage; token_unlock:no_data
149,2024-12-19 11:00:00+00:00,DOGEUSDT,27.27,unknown,none,unknown,NONE,fg=78(Extreme Greed); liq_cascade:pre_coverage; news_negative:pre_coverage; token_unlock:no_data
150,2025-02-02 01:00:00+00:00,DOGEUSDT,26.88,unknown,none,unknown,NONE,fg=64(Greed); liq_cascade:pre_coverage; news_negative:pre_coverage; token_unlock:no_data
151,2025-03-02 23:00:00+00:00,DOGEUSDT,18.83,macro_event,none,macro_event,LOW,fg=23(Extreme Fear); liq_cascade:pre_coverage; news_negative:pre_coverage; token_unlock:no_data
152,2025-03-10 11:00:00+00:00,DOGEUSDT,16.46,macro_event,btc_cascade,macro_event|btc_cascade,HIGH,fg=24(Extreme Fear); liq_cascade:pre_coverage; news_negative:pre_coverage; token_unlock:no_data
153,2025-04-06 06:00:00+00:00,DOGEUSDT,20.78,unknown,none,unknown,NONE,fg=32(Fear); liq_cascade:pre_coverage; news_negative:pre_coverage; token_unlock:no_data
154,2025-10-10 05:00:00+00:00,DOGEUSDT,26.16,unknown,none,unknown,NONE,fg=67(Greed); liq_cascade:pre_coverage; news_negative:pre_coverage; token_unlock:no_data
155,2026-02-05 01:00:00+00:00,DOGEUSDT,15.45,macro_event,none,macro_event,LOW,fg=13(Extreme Fear); liq_cascade:pre_coverage; news_negative:pre_coverage; token_unlock:no_data
156,2025-02-03 00:00:00+00:00,DOGEUSDT,10.13,btc_cascade,none,btc_cascade,HIGH,fg=64(Greed); liq_cascade:pre_coverage; news_negative:pre_coverage; token_unlock:no_data
157,2025-10-10 20:00:00+00:00,DOGEUSDT,15.05,btc_cascade,none,btc_cascade,HIGH,fg=67(Greed); liq_cascade:pre_coverage; news_negative:pre_coverage; token_unlock:no_data
158,2024-12-19 11:00:00+00:00,DRIFTUSDT,19.98,unknown,none,unknown,NONE,fg=78(Extreme Greed); liq_cascade:pre_coverage; news_negative:pre_coverage; token_unlock:no_data
159,2025-01-01 08:00:00+00:00,DRIFTUSDT,16.64,unknown,none,unknown,NONE,fg=65(Greed); liq_cascade:pre_coverage; news_negative:pre_coverage; token_unlock:no_data
160,2025-01-19 04:00:00+00:00,DRIFTUSDT,18.11,unknown,none,unknown,NONE,fg=77(Extreme Greed); liq_cascade:pre_coverage; news_negative:pre_coverage; token_unlock:no_data
161,2025-02-02 08:00:00+00:00,DRIFTUSDT,26.17,unknown,none,unknown,NONE,fg=64(Greed); liq_cascade:pre_coverage; news_negative:pre_coverage; token_unlock:no_data
162,2025-03-28 02:00:00+00:00,DRIFTUSDT,15.89,unknown,none,unknown,NONE,fg=42(Fear); liq_cascade:pre_coverage; news_negative:pre_coverage; token_unlock:no_data
163,2025-04-06 14:00:00+00:00,DRIFTUSDT,16.73,unknown,none,unknown,NONE,fg=32(Fear); liq_cascade:pre_coverage; news_negative:pre_coverage; token_unlock:no_data
164,2025-04-30 18:00:00+00:00,DRIFTUSDT,19.28,unknown,none,unknown,NONE,fg=58(Greed); liq_cascade:pre_coverage; news_negative:pre_coverage; token_unlock:no_data
165,2025-05-30 02:00:00+00:00,DRIFTUSDT,23.8,unknown,none,unknown,NONE,fg=67(Greed); liq_cascade:pre_coverage; news_negative:pre_coverage; token_unlock:no_data
166,2025-06-21 15:00:00+00:00,DRIFTUSDT,17.85,unknown,none,unknown,NONE,fg=52(Neutral); liq_cascade:pre_coverage; news_negative:pre_coverage; token_unlock:no_data
167,2025-09-22 00:00:00+00:00,DRIFTUSDT,19.58,unknown,none,unknown,NONE,fg=48(Neutral); liq_cascade:pre_coverage; news_negative:pre_coverage; token_unlock:no_data
168,2025-09-24 17:00:00+00:00,DRIFTUSDT,16.3,unknown,none,unknown,NONE,fg=44(Fear); liq_cascade:pre_coverage; news_negative:pre_coverage; token_unlock:no_data
169,2025-10-10 05:00:00+00:00,DRIFTUSDT,28.87,unknown,none,unknown,NONE,fg=67(Greed); liq_cascade:pre_coverage; news_negative:pre_coverage; token_unlock:no_data
170,2025-11-02 23:00:00+00:00,DRIFTUSDT,19.04,unknown,none,unknown,NONE,fg=35(Fear); liq_cascade:pre_coverage; news_negative:pre_coverage; token_unlock:no_data
171,2025-11-20 12:00:00+00:00,DRIFTUSDT,17.3,macro_event,none,macro_event,LOW,fg=13(Extreme Fear); liq_cascade:pre_coverage; news_negative:pre_coverage; token_unlock:no_data
172,2026-01-29 01:00:00+00:00,DRIFTUSDT,17.79,unknown,none,unknown,NONE,fg=28(Fear); liq_cascade:pre_coverage; news_negative:pre_coverage; token_unlock:no_data
173,2026-01-30 19:00:00+00:00,DRIFTUSDT,18.65,macro_event,stablecoin_outflow,macro_event|stablecoin_outflow,LOW,fg=21(Extreme Fear); liq_cascade:pre_coverage; news_negative:pre_coverage; token_unlock:no_data
174,2026-02-04 20:00:00+00:00,DRIFTUSDT,21.56,macro_event,none,macro_event,LOW,fg=16(Extreme Fear); liq_cascade:pre_coverage; news_negative:pre_coverage; token_unlock:no_data
175,2026-04-01 11:00:00+00:00,DRIFTUSDT,47.57,macro_event,none,macro_event,LOW,fg=10(Extreme Fear); liq_cascade:pre_coverage; news_negative:pre_coverage; token_unlock:no_data
176,2026-04-02 12:00:00+00:00,DRIFTUSDT,31.1,macro_event,none,macro_event,LOW,fg=10(Extreme Fear); liq_cascade:pre_coverage; news_negative:pre_coverage; token_unlock:no_data
177,2026-04-03 17:00:00+00:00,DRIFTUSDT,22.13,macro_event,none,macro_event,LOW,fg=10(Extreme Fear); liq_cascade:pre_coverage; news_negative:pre_coverage; token_unlock:no_data
178,2026-04-05 23:00:00+00:00,DRIFTUSDT,15.96,macro_event,none,macro_event,LOW,fg=12(Extreme Fear); liq_cascade:pre_coverage; news_negative:pre_coverage; token_unlock:no_data
179,2026-04-06 21:00:00+00:00,DRIFTUSDT,45.14,macro_event,none,macro_event,LOW,fg=12(Extreme Fear); liq_cascade:pre_coverage; news_negative:pre_coverage; token_unlock:no_data
180,2026-04-08 09:00:00+00:00,DRIFTUSDT,33.71,macro_event,none,macro_event,LOW,fg=14(Extreme Fear); liq_cascade:pre_coverage; news_negative:pre_coverage; token_unlock:no_data
181,2026-04-13 06:00:00+00:00,DRIFTUSDT,23.56,macro_event,none,macro_event,LOW,fg=14(Extreme Fear); liq_cascade:pre_coverage; token_unlock:no_data
182,2026-04-16 12:00:00+00:00,DRIFTUSDT,21.1,macro_event,none,macro_event,LOW,fg=23(Extreme Fear); token_unlock:no_data
183,2026-05-26 11:00:00+00:00,DRIFTUSDT,26.31,unknown,none,unknown,NONE,fg=32(Fear); token_unlock:no_data
184,2025-10-10 20:00:00+00:00,DRIFTUSDT,12.88,btc_cascade,none,btc_cascade,HIGH,fg=67(Greed); liq_cascade:pre_coverage; news_negative:pre_coverage; token_unlock:no_data
185,2026-04-01 16:00:00+00:00,DRIFTUSDT,20.61,macro_event,none,macro_event,LOW,fg=10(Extreme Fear); liq_cascade:pre_coverage; news_negative:pre_coverage; token_unlock:no_data
186,2026-04-02 12:00:00+00:00,DRIFTUSDT,14.95,macro_event,none,macro_event,LOW,fg=10(Extreme Fear); liq_cascade:pre_coverage; news_negative:pre_coverage; token_unlock:no_data
187,2026-04-05 09:00:00+00:00,DRIFTUSDT,12.19,macro_event,none,macro_event,LOW,fg=12(Extreme Fear); liq_cascade:pre_coverage; news_negative:pre_coverage; token_unlock:no_data
188,2026-04-07 08:00:00+00:00,DRIFTUSDT,11.54,macro_event,none,macro_event,LOW,fg=12(Extreme Fear); liq_cascade:pre_coverage; news_negative:pre_coverage; token_unlock:no_data
189,2026-04-07 10:00:00+00:00,DRIFTUSDT,10.08,macro_event,none,macro_event,LOW,fg=12(Extreme Fear); liq_cascade:pre_coverage; news_negative:pre_coverage; token_unlock:no_data
190,2026-04-08 11:00:00+00:00,DRIFTUSDT,18.15,macro_event,none,macro_event,LOW,fg=14(Extreme Fear); liq_cascade:pre_coverage; news_negative:pre_coverage; token_unlock:no_data
191,2026-04-30 07:00:00+00:00,DRIFTUSDT,10.87,unknown,none,unknown,NONE,fg=28(Fear); token_unlock:no_data
192,2026-05-27 03:00:00+00:00,DRIFTUSDT,17.94,macro_event,none,macro_event,LOW,fg=30(Extreme Fear); token_unlock:no_data
193,2025-07-31 00:00:00+00:00,ESPORTSUSDT,18.0,unknown,none,unknown,NONE,fg=74(Greed); liq_cascade:pre_coverage; news_negative:pre_coverage; token_unlock:no_data
194,2025-08-04 09:00:00+00:00,ESPORTSUSDT,35.69,unknown,none,unknown,NONE,fg=58(Greed); liq_cascade:pre_coverage; news_negative:pre_coverage; token_unlock:no_data
195,2025-10-09 22:00:00+00:00,ESPORTSUSDT,30.62,unknown,none,unknown,NONE,fg=65(Greed); liq_cascade:pre_coverage; news_negative:pre_coverage; token_unlock:no_data
196,2025-10-12 21:00:00+00:00,ESPORTSUSDT,22.79,macro_event,none,macro_event,LOW,fg=26(Extreme Fear); liq_cascade:pre_coverage; news_negative:pre_coverage; token_unlock:no_data
197,2025-11-07 05:00:00+00:00,ESPORTSUSDT,22.7,macro_event,none,macro_event,LOW,fg=26(Extreme Fear); liq_cascade:pre_coverage; news_negative:pre_coverage; token_unlock:no_data
198,2025-11-13 05:00:00+00:00,ESPORTSUSDT,35.98,macro_event,none,macro_event,LOW,fg=20(Extreme Fear); liq_cascade:pre_coverage; news_negative:pre_coverage; token_unlock:no_data
199,2025-11-13 21:00:00+00:00,ESPORTSUSDT,23.16,macro_event,none,macro_event,LOW,fg=20(Extreme Fear); liq_cascade:pre_coverage; news_negative:pre_coverage; token_unlock:no_data
200,2025-12-03 14:00:00+00:00,ESPORTSUSDT,15.21,macro_event,none,macro_event,LOW,fg=26(Extreme Fear); liq_cascade:pre_coverage; news_negative:pre_coverage; token_unlock:no_data
201,2026-01-04 11:00:00+00:00,ESPORTSUSDT,18.66,macro_event,none,macro_event,LOW,fg=27(Extreme Fear); liq_cascade:pre_coverage; news_negative:pre_coverage; token_unlock:no_data
202,2026-02-10 06:00:00+00:00,ESPORTSUSDT,17.76,macro_event,none,macro_event,LOW,fg=12(Extreme Fear); liq_cascade:pre_coverage; news_negative:pre_coverage; token_unlock:no_data
203,2026-04-19 21:00:00+00:00,ESPORTSUSDT,16.52,unknown,none,unknown,NONE,fg=26(Fear); token_unlock:no_data
204,2026-04-24 17:00:00+00:00,ESPORTSUSDT,28.3,unknown,none,unknown,NONE,fg=42(Fear); token_unlock:no_data
205,2026-05-19 11:00:00+00:00,ESPORTSUSDT,16.38,macro_event,none,macro_event,LOW,fg=26(Extreme Fear); token_unlock:no_data
206,2026-05-20 23:00:00+00:00,ESPORTSUSDT,18.19,macro_event,none,macro_event,LOW,fg=26(Extreme Fear); token_unlock:no_data
207,2026-05-25 07:00:00+00:00,ESPORTSUSDT,93.33,macro_event,none,macro_event,LOW,fg=28(Extreme Fear); token_unlock:no_data
208,2025-08-04 12:00:00+00:00,ESPORTSUSDT,14.0,unknown,none,unknown,NONE,fg=58(Greed); liq_cascade:pre_coverage; news_negative:pre_coverage; token_unlock:no_data
209,2025-08-05 10:00:00+00:00,ESPORTSUSDT,10.69,unknown,none,unknown,NONE,fg=62(Greed); liq_cascade:pre_coverage; news_negative:pre_coverage; token_unlock:no_data
210,2025-08-08 02:00:00+00:00,ESPORTSUSDT,29.83,unknown,none,unknown,NONE,fg=68(Greed); liq_cascade:pre_coverage; news_negative:pre_coverage; token_unlock:no_data
211,2025-08-30 07:00:00+00:00,ESPORTSUSDT,16.77,unknown,none,unknown,NONE,fg=44(Fear); liq_cascade:pre_coverage; news_negative:pre_coverage; token_unlock:no_data
212,2025-09-04 08:00:00+00:00,ESPORTSUSDT,10.51,unknown,none,unknown,NONE,fg=53(Greed); liq_cascade:pre_coverage; news_negative:pre_coverage; token_unlock:no_data
213,2025-10-10 20:00:00+00:00,ESPORTSUSDT,23.45,btc_cascade,none,btc_cascade,HIGH,fg=67(Greed); liq_cascade:pre_coverage; news_negative:pre_coverage; token_unlock:no_data
214,2025-10-13 13:00:00+00:00,ESPORTSUSDT,10.25,macro_event,none,macro_event,LOW,fg=31(Extreme Fear); liq_cascade:pre_coverage; news_negative:pre_coverage; token_unlock:no_data
215,2025-11-04 16:00:00+00:00,ESPORTSUSDT,11.91,macro_event,none,macro_event,LOW,fg=32(Extreme Fear); liq_cascade:pre_coverage; news_negative:pre_coverage; token_unlock:no_data
216,2025-11-13 06:00:00+00:00,ESPORTSUSDT,17.84,macro_event,none,macro_event,LOW,fg=20(Extreme Fear); liq_cascade:pre_coverage; news_negative:pre_coverage; token_unlock:no_data
217,2026-05-25 10:00:00+00:00,ESPORTSUSDT,82.45,liq_cascade,macro_event,liq_cascade|macro_event,MEDIUM,fg=28(Extreme Fear); token_unlock:no_data
218,2024-08-04 12:00:00+00:00,ETHUSDT,23.77,btc_cascade,none,btc_cascade,HIGH,fg=36(Fear); liq_cascade:pre_coverage; news_negative:pre_coverage; token_unlock:no_data
219,2024-12-19 11:00:00+00:00,ETHUSDT,16.18,unknown,none,unknown,NONE,fg=78(Extreme Greed); liq_cascade:pre_coverage; news_negative:pre_coverage; token_unlock:no_data
220,2025-02-02 05:00:00+00:00,ETHUSDT,21.39,unknown,none,unknown,NONE,fg=64(Greed); liq_cascade:pre_coverage; news_negative:pre_coverage; token_unlock:no_data
221,2025-03-02 22:00:00+00:00,ETHUSDT,16.91,macro_event,none,macro_event,LOW,fg=23(Extreme Fear); liq_cascade:pre_coverage; news_negative:pre_coverage; token_unlock:no_data
222,2025-04-06 06:00:00+00:00,ETHUSDT,20.43,unknown,none,unknown,NONE,fg=32(Fear); liq_cascade:pre_coverage; news_negative:pre_coverage; token_unlock:no_data
223,2026-02-05 00:00:00+00:00,ETHUSDT,15.08,macro_event,none,macro_event,LOW,fg=16(Extreme Fear); liq_cascade:pre_coverage; news_negative:pre_coverage; token_unlock:no_data
224,2025-02-03 00:00:00+00:00,ETHUSDT,11.58,btc_cascade,none,btc_cascade,HIGH,fg=64(Greed); liq_cascade:pre_coverage; news_negative:pre_coverage; token_unlock:no_data
225,2026-04-10 18:00:00+00:00,FFUSDT,36.31,macro_event,none,macro_event,LOW,fg=15(Extreme Fear); liq_cascade:pre_coverage; news_negative:pre_coverage; token_unlock:no_data
226,2025-10-10 20:00:00+00:00,FFUSDT,18.19,btc_cascade,none,btc_cascade,HIGH,fg=67(Greed); liq_cascade:pre_coverage; news_negative:pre_coverage; token_unlock:no_data
227,2026-04-10 19:00:00+00:00,FFUSDT,11.53,macro_event,none,macro_event,LOW,fg=15(Extreme Fear); liq_cascade:pre_coverage; news_negative:pre_coverage; token_unlock:no_data
228,2024-06-17 18:00:00+00:00,FILUSDT,17.07,unknown,none,unknown,NONE,fg=71(Greed); liq_cascade:pre_coverage; news_negative:pre_coverage; token_unlock:no_data
229,2024-07-04 08:00:00+00:00,FILUSDT,17.62,unknown,none,unknown,NONE,fg=47(Fear); liq_cascade:pre_coverage; news_negative:pre_coverage; token_unlock:no_data
230,2024-08-04 12:00:00+00:00,FILUSDT,19.97,btc_cascade,none,btc_cascade,HIGH,fg=36(Fear); liq_cascade:pre_coverage; news_negative:pre_coverage; token_unlock:no_data
231,2024-11-12 08:00:00+00:00,FILUSDT,15.14,btc_cascade,none,btc_cascade,HIGH,fg=78(Extreme Greed); liq_cascade:pre_coverage; news_negative:pre_coverage; token_unlock:no_data
232,2024-12-09 00:00:00+00:00,FILUSDT,20.7,unknown,none,unknown,NONE,fg=77(Extreme Greed); liq_cascade:pre_coverage; news_negative:pre_coverage; token_unlock:no_data
233,2024-12-19 11:00:00+00:00,FILUSDT,22.66,unknown,none,unknown,NONE,fg=78(Extreme Greed); liq_cascade:pre_coverage; news_negative:pre_coverage; token_unlock:no_data
234,2025-02-02 05:00:00+00:00,FILUSDT,33.38,unknown,none,unknown,NONE,fg=64(Greed); liq_cascade:pre_coverage; news_negative:pre_coverage; token_unlock:no_data
235,2025-03-03 01:00:00+00:00,FILUSDT,16.16,unknown,none,unknown,NONE,fg=30(Fear); liq_cascade:pre_coverage; news_negative:pre_coverage; token_unlock:no_data
236,2025-04-06 06:00:00+00:00,FILUSDT,19.69,unknown,none,unknown,NONE,fg=32(Fear); liq_cascade:pre_coverage; news_negative:pre_coverage; token_unlock:no_data
237,2025-10-10 12:00:00+00:00,FILUSDT,35.09,unknown,none,unknown,NONE,fg=67(Greed); liq_cascade:pre_coverage; news_negative:pre_coverage; token_unlock:no_data
238,2025-11-02 23:00:00+00:00,FILUSDT,15.25,unknown,none,unknown,NONE,fg=35(Fear); liq_cascade:pre_coverage; news_negative:pre_coverage; token_unlock:no_data
239,2025-11-08 12:00:00+00:00,FILUSDT,24.74,macro_event,none,macro_event,LOW,fg=22(Extreme Fear); liq_cascade:pre_coverage; news_negative:pre_coverage; token_unlock:no_data
240,2025-11-11 03:00:00+00:00,FILUSDT,15.34,unknown,none,unknown,NONE,fg=28(Fear); liq_cascade:pre_coverage; news_negative:pre_coverage; token_unlock:no_data
241,2026-01-30 18:00:00+00:00,FILUSDT,15.48,macro_event,stablecoin_outflow,macro_event|stablecoin_outflow,LOW,fg=21(Extreme Fear); liq_cascade:pre_coverage; news_negative:pre_coverage; token_unlock:no_data
242,2026-02-05 00:00:00+00:00,FILUSDT,17.73,macro_event,none,macro_event,LOW,fg=16(Extreme Fear); liq_cascade:pre_coverage; news_negative:pre_coverage; token_unlock:no_data
243,2025-02-03 00:00:00+00:00,FILUSDT,14.17,btc_cascade,none,btc_cascade,HIGH,fg=64(Greed); liq_cascade:pre_coverage; news_negative:pre_coverage; token_unlock:no_data
244,2025-10-10 20:00:00+00:00,FILUSDT,25.29,btc_cascade,none,btc_cascade,HIGH,fg=67(Greed); liq_cascade:pre_coverage; news_negative:pre_coverage; token_unlock:no_data
245,2025-11-07 23:00:00+00:00,FILUSDT,12.74,macro_event,none,macro_event,LOW,fg=26(Extreme Fear); liq_cascade:pre_coverage; news_negative:pre_coverage; token_unlock:no_data
246,2026-01-16 01:00:00+00:00,GUAUSDT,16.18,unknown,none,unknown,NONE,fg=55(Greed); liq_cascade:pre_coverage; news_negative:pre_coverage; token_unlock:no_data
247,2026-02-27 03:00:00+00:00,GUAUSDT,23.14,macro_event,none,macro_event,LOW,fg=12(Extreme Fear); liq_cascade:pre_coverage; news_negative:pre_coverage; token_unlock:no_data
248,2026-04-30 15:00:00+00:00,GUAUSDT,20.64,unknown,none,unknown,NONE,fg=28(Fear); token_unlock:no_data
249,2026-05-13 05:00:00+00:00,GUAUSDT,24.89,unknown,none,unknown,NONE,fg=46(Fear); token_unlock:no_data
250,2026-05-19 06:00:00+00:00,GUAUSDT,20.48,macro_event,none,macro_event,LOW,fg=26(Extreme Fear); token_unlock:no_data
251,2026-05-22 17:00:00+00:00,GUAUSDT,24.99,unknown,none,unknown,NONE,fg=28(Fear); token_unlock:no_data
252,2026-05-24 11:00:00+00:00,GUAUSDT,20.13,macro_event,none,macro_event,LOW,fg=26(Extreme Fear); token_unlock:no_data
253,2026-05-26 17:00:00+00:00,GUAUSDT,40.05,unknown,none,unknown,NONE,fg=32(Fear); token_unlock:no_data
254,2026-05-13 05:00:00+00:00,GUAUSDT,10.13,unknown,none,unknown,NONE,fg=46(Fear); token_unlock:no_data
255,2026-05-20 13:00:00+00:00,GUAUSDT,10.17,macro_event,none,macro_event,LOW,fg=26(Extreme Fear); token_unlock:no_data
256,2026-05-23 12:00:00+00:00,GUAUSDT,11.21,unknown,none,unknown,NONE,fg=28(Fear); token_unlock:no_data
257,2026-05-26 08:00:00+00:00,GUAUSDT,12.2,unknown,none,unknown,NONE,fg=32(Fear); token_unlock:no_data
258,2026-05-27 11:00:00+00:00,GUAUSDT,10.65,macro_event,none,macro_event,LOW,fg=30(Extreme Fear); token_unlock:no_data
259,2026-05-27 15:00:00+00:00,GUAUSDT,25.8,macro_event,none,macro_event,LOW,fg=30(Extreme Fear); token_unlock:no_data
260,2025-10-10 13:00:00+00:00,HYPEUSDT,17.9,unknown,none,unknown,NONE,fg=67(Greed); liq_cascade:pre_coverage; news_negative:pre_coverage; token_unlock:no_data
261,2025-11-20 11:00:00+00:00,HYPEUSDT,17.31,macro_event,none,macro_event,LOW,fg=13(Extreme Fear); liq_cascade:pre_coverage; news_negative:pre_coverage; token_unlock:no_data
262,2026-01-29 13:00:00+00:00,HYPEUSDT,15.76,btc_cascade,none,btc_cascade,HIGH,fg=28(Fear); liq_cascade:pre_coverage; news_negative:pre_coverage; token_unlock:no_data
263,2024-06-17 01:00:00+00:00,ICPUSDT,15.09,unknown,none,unknown,NONE,fg=71(Greed); liq_cascade:pre_coverage; news_negative:pre_coverage; token_unlock:no_data
264,2024-07-04 04:00:00+00:00,ICPUSDT,16.59,unknown,none,unknown,NONE,fg=47(Fear); liq_cascade:pre_coverage; news_negative:pre_coverage; token_unlock:no_data
265,2024-08-04 12:00:00+00:00,ICPUSDT,18.56,btc_cascade,none,btc_cascade,HIGH,fg=36(Fear); liq_cascade:pre_coverage; news_negative:pre_coverage; token_unlock:no_data
266,2024-11-12 08:00:00+00:00,ICPUSDT,15.28,btc_cascade,none,btc_cascade,HIGH,fg=78(Extreme Greed); liq_cascade:pre_coverage; news_negative:pre_coverage; token_unlock:no_data
267,2024-12-09 18:00:00+00:00,ICPUSDT,18.09,unknown,none,unknown,NONE,fg=78(Extreme Greed); liq_cascade:pre_coverage; news_negative:pre_coverage; token_unlock:no_data
268,2024-12-19 13:00:00+00:00,ICPUSDT,19.45,unknown,none,unknown,NONE,fg=78(Extreme Greed); liq_cascade:pre_coverage; news_negative:pre_coverage; token_unlock:no_data
269,2025-02-02 05:00:00+00:00,ICPUSDT,27.33,unknown,none,unknown,NONE,fg=64(Greed); liq_cascade:pre_coverage; news_negative:pre_coverage; token_unlock:no_data
270,2025-03-03 01:00:00+00:00,ICPUSDT,17.02,unknown,none,unknown,NONE,fg=30(Fear); liq_cascade:pre_coverage; news_negative:pre_coverage; token_unlock:no_data
271,2025-04-06 06:00:00+00:00,ICPUSDT,15.95,unknown,none,unknown,NONE,fg=32(Fear); liq_cascade:pre_coverage; news_negative:pre_coverage; token_unlock:no_data
272,2025-10-10 12:00:00+00:00,ICPUSDT,36.02,unknown,none,unknown,NONE,fg=67(Greed); liq_cascade:pre_coverage; news_negative:pre_coverage; token_unlock:no_data
273,2025-11-04 19:00:00+00:00,ICPUSDT,19.51,macro_event,none,macro_event,LOW,fg=32(Extreme Fear); liq_cascade:pre_coverage; news_negative:pre_coverage; token_unlock:no_data
274,2025-11-08 20:00:00+00:00,ICPUSDT,24.07,macro_event,none,macro_event,LOW,fg=22(Extreme Fear); liq_cascade:pre_coverage; news_negative:pre_coverage; token_unlock:no_data
275,2025-11-09 19:00:00+00:00,ICPUSDT,16.19,macro_event,none,macro_event,LOW,fg=21(Extreme Fear); liq_cascade:pre_coverage; news_negative:pre_coverage; token_unlock:no_data
276,2025-11-11 03:00:00+00:00,ICPUSDT,19.17,unknown,none,unknown,NONE,fg=28(Fear); liq_cascade:pre_coverage; news_negative:pre_coverage; token_unlock:no_data
277,2026-02-05 00:00:00+00:00,ICPUSDT,15.36,macro_event,none,macro_event,LOW,fg=16(Extreme Fear); liq_cascade:pre_coverage; news_negative:pre_coverage; token_unlock:no_data
278,2025-02-03 00:00:00+00:00,ICPUSDT,13.4,btc_cascade,none,btc_cascade,HIGH,fg=64(Greed); liq_cascade:pre_coverage; news_negative:pre_coverage; token_unlock:no_data
279,2025-10-10 20:00:00+00:00,ICPUSDT,22.48,btc_cascade,none,btc_cascade,HIGH,fg=67(Greed); liq_cascade:pre_coverage; news_negative:pre_coverage; token_unlock:no_data
280,2025-11-09 01:00:00+00:00,ICPUSDT,11.55,macro_event,none,macro_event,LOW,fg=21(Extreme Fear); liq_cascade:pre_coverage; news_negative:pre_coverage; token_unlock:no_data
281,2025-10-30 06:00:00+00:00,LABUSDT,18.05,btc_cascade,none,btc_cascade,HIGH,fg=42(Fear); liq_cascade:pre_coverage; news_negative:pre_coverage; token_unlock:no_data
282,2025-10-31 02:00:00+00:00,LABUSDT,45.76,unknown,none,unknown,NONE,fg=32(Fear); liq_cascade:pre_coverage; news_negative:pre_coverage; token_unlock:no_data
283,2025-11-02 20:00:00+00:00,LABUSDT,36.13,unknown,none,unknown,NONE,fg=35(Fear); liq_cascade:pre_coverage; news_negative:pre_coverage; token_unlock:no_data
284,2025-11-07 12:00:00+00:00,LABUSDT,28.69,macro_event,none,macro_event,LOW,fg=26(Extreme Fear); liq_cascade:pre_coverage; news_negative:pre_coverage; token_unlock:no_data
285,2025-11-29 00:00:00+00:00,LABUSDT,19.78,macro_event,none,macro_event,LOW,fg=24(Extreme Fear); liq_cascade:pre_coverage; news_negative:pre_coverage; token_unlock:no_data
286,2025-12-08 08:00:00+00:00,LABUSDT,21.48,macro_event,none,macro_event,LOW,fg=20(Extreme Fear); liq_cascade:pre_coverage; news_negative:pre_coverage; token_unlock:no_data
287,2025-12-11 11:00:00+00:00,LABUSDT,20.42,unknown,none,unknown,NONE,fg=28(Fear); liq_cascade:pre_coverage; news_negative:pre_coverage; token_unlock:no_data
288,2025-12-21 07:00:00+00:00,LABUSDT,21.86,macro_event,none,macro_event,LOW,fg=20(Extreme Fear); liq_cascade:pre_coverage; news_negative:pre_coverage; token_unlock:no_data
289,2025-12-24 03:00:00+00:00,LABUSDT,21.46,macro_event,none,macro_event,LOW,fg=24(Extreme Fear); liq_cascade:pre_coverage; news_negative:pre_coverage; token_unlock:no_data
290,2025-12-25 05:00:00+00:00,LABUSDT,25.81,macro_event,none,macro_event,LOW,fg=24(Extreme Fear); liq_cascade:pre_coverage; news_negative:pre_coverage; token_unlock:no_data
291,2026-01-18 21:00:00+00:00,LABUSDT,28.25,btc_cascade,none,btc_cascade,HIGH,fg=50(Neutral); liq_cascade:pre_coverage; news_negative:pre_coverage; token_unlock:no_data
292,2026-03-04 23:00:00+00:00,LABUSDT,25.72,macro_event,none,macro_event,LOW,fg=12(Extreme Fear); liq_cascade:pre_coverage; news_negative:pre_coverage; token_unlock:no_data
293,2026-04-08 00:00:00+00:00,LABUSDT,19.93,macro_event,none,macro_event,LOW,fg=12(Extreme Fear); liq_cascade:pre_coverage; news_negative:pre_coverage; token_unlock:no_data
294,2026-04-08 17:00:00+00:00,LABUSDT,15.81,macro_event,none,macro_event,LOW,fg=14(Extreme Fear); liq_cascade:pre_coverage; news_negative:pre_coverage; token_unlock:no_data
295,2026-04-11 02:00:00+00:00,LABUSDT,22.12,macro_event,none,macro_event,LOW,fg=16(Extreme Fear); liq_cascade:pre_coverage; news_negative:pre_coverage; token_unlock:no_data
296,2026-04-14 02:00:00+00:00,LABUSDT,41.09,macro_event,none,macro_event,LOW,fg=16(Extreme Fear); token_unlock:no_data
297,2026-04-18 00:00:00+00:00,LABUSDT,22.7,macro_event,none,macro_event,LOW,fg=22(Extreme Fear); token_unlock:no_data
298,2026-04-19 13:00:00+00:00,LABUSDT,23.75,unknown,none,unknown,NONE,fg=26(Fear); token_unlock:no_data
299,2026-04-24 04:00:00+00:00,LABUSDT,31.48,unknown,none,unknown,NONE,fg=42(Fear); token_unlock:no_data
300,2026-04-24 09:00:00+00:00,LABUSDT,19.33,unknown,none,unknown,NONE,fg=42(Fear); token_unlock:no_data
301,2026-04-25 20:00:00+00:00,LABUSDT,17.27,unknown,none,unknown,NONE,fg=35(Fear); token_unlock:no_data
302,2026-04-26 09:00:00+00:00,LABUSDT,22.76,unknown,none,unknown,NONE,fg=32(Fear); token_unlock:no_data
303,2026-05-02 21:00:00+00:00,LABUSDT,74.41,liq_cascade,none,liq_cascade,MEDIUM,fg=32(Fear); token_unlock:no_data
304,2026-05-03 03:00:00+00:00,LABUSDT,18.53,unknown,none,unknown,NONE,fg=43(Fear); token_unlock:no_data
305,2026-05-03 09:00:00+00:00,LABUSDT,16.33,unknown,none,unknown,NONE,fg=43(Fear); token_unlock:no_data
306,2026-05-03 21:00:00+00:00,LABUSDT,43.39,unknown,none,unknown,NONE,fg=43(Fear); token_unlock:no_data
307,2026-05-05 09:00:00+00:00,LABUSDT,17.46,unknown,none,unknown,NONE,fg=45(Fear); token_unlock:no_data
308,2026-05-06 10:00:00+00:00,LABUSDT,30.57,unknown,none,unknown,NONE,fg=48(Fear); token_unlock:no_data
309,2026-05-07 06:00:00+00:00,LABUSDT,27.77,unknown,none,unknown,NONE,fg=46(Fear); token_unlock:no_data
310,2026-05-11 18:00:00+00:00,LABUSDT,33.77,liq_cascade,none,liq_cascade,MEDIUM,fg=48(Neutral); token_unlock:no_data
311,2026-05-14 17:00:00+00:00,LABUSDT,44.81,unknown,none,unknown,NONE,fg=38(Fear); token_unlock:no_data
312,2025-10-22 10:00:00+00:00,LABUSDT,10.15,macro_event,none,macro_event,LOW,fg=30(Extreme Fear); liq_cascade:pre_coverage; news_negative:pre_coverage; token_unlock:no_data
313,2025-10-23 09:00:00+00:00,LABUSDT,16.48,macro_event,none,macro_event,LOW,fg=26(Extreme Fear); liq_cascade:pre_coverage; news_negative:pre_coverage; token_unlock:no_data
314,2025-10-30 21:00:00+00:00,LABUSDT,29.73,unknown,none,unknown,NONE,fg=42(Fear); liq_cascade:pre_coverage; news_negative:pre_coverage; token_unlock:no_data
315,2025-10-30 23:00:00+00:00,LABUSDT,15.55,unknown,none,unknown,NONE,fg=42(Fear); liq_cascade:pre_coverage; news_negative:pre_coverage; token_unlock:no_data
316,2025-10-31 02:00:00+00:00,LABUSDT,10.53,unknown,none,unknown,NONE,fg=32(Fear); liq_cascade:pre_coverage; news_negative:pre_coverage; token_unlock:no_data
317,2025-10-31 05:00:00+00:00,LABUSDT,14.93,unknown,none,unknown,NONE,fg=32(Fear); liq_cascade:pre_coverage; news_negative:pre_coverage; token_unlock:no_data
318,2025-10-31 07:00:00+00:00,LABUSDT,12.5,unknown,none,unknown,NONE,fg=32(Fear); liq_cascade:pre_coverage; news_negative:pre_coverage; token_unlock:no_data
319,2025-11-07 12:00:00+00:00,LABUSDT,24.45,macro_event,none,macro_event,LOW,fg=26(Extreme Fear); liq_cascade:pre_coverage; news_negative:pre_coverage; token_unlock:no_data
320,2025-11-07 15:00:00+00:00,LABUSDT,15.86,macro_event,none,macro_event,LOW,fg=26(Extreme Fear); liq_cascade:pre_coverage; news_negative:pre_coverage; token_unlock:no_data
321,2025-12-08 08:00:00+00:00,LABUSDT,16.08,macro_event,none,macro_event,LOW,fg=20(Extreme Fear); liq_cascade:pre_coverage; news_negative:pre_coverage; token_unlock:no_data
322,2025-12-21 12:00:00+00:00,LABUSDT,10.51,macro_event,none,macro_event,LOW,fg=20(Extreme Fear); liq_cascade:pre_coverage; news_negative:pre_coverage; token_unlock:no_data
323,2025-12-24 13:00:00+00:00,LABUSDT,11.06,macro_event,none,macro_event,LOW,fg=24(Extreme Fear); liq_cascade:pre_coverage; news_negative:pre_coverage; token_unlock:no_data
324,2026-01-19 18:00:00+00:00,LABUSDT,13.77,unknown,none,unknown,NONE,fg=46(Fear); liq_cascade:pre_coverage; news_negative:pre_coverage; token_unlock:no_data
325,2026-01-20 06:00:00+00:00,LABUSDT,17.36,unknown,none,unknown,NONE,fg=38(Fear); liq_cascade:pre_coverage; news_negative:pre_coverage; token_unlock:no_data
326,2026-03-05 17:00:00+00:00,LABUSDT,13.67,macro_event,none,macro_event,LOW,fg=16(Extreme Fear); liq_cascade:pre_coverage; news_negative:pre_coverage; token_unlock:no_data
327,2026-04-08 14:00:00+00:00,LABUSDT,10.37,macro_event,none,macro_event,LOW,fg=14(Extreme Fear); liq_cascade:pre_coverage; news_negative:pre_coverage; token_unlock:no_data
328,2026-04-08 17:00:00+00:00,LABUSDT,15.81,macro_event,none,macro_event,LOW,fg=14(Extreme Fear); liq_cascade:pre_coverage; news_negative:pre_coverage; token_unlock:no_data
329,2026-04-14 02:00:00+00:00,LABUSDT,10.41,macro_event,none,macro_event,LOW,fg=16(Extreme Fear); token_unlock:no_data
330,2026-04-14 05:00:00+00:00,LABUSDT,11.53,macro_event,none,macro_event,LOW,fg=16(Extreme Fear); token_unlock:no_data
331,2026-04-14 16:00:00+00:00,LABUSDT,10.67,macro_event,none,macro_event,LOW,fg=16(Extreme Fear); token_unlock:no_data
332,2026-04-24 04:00:00+00:00,LABUSDT,23.09,unknown,none,unknown,NONE,fg=42(Fear); token_unlock:no_data
333,2026-04-24 07:00:00+00:00,LABUSDT,11.08,unknown,none,unknown,NONE,fg=42(Fear); token_unlock:no_data
334,2026-04-25 20:00:00+00:00,LABUSDT,17.27,unknown,none,unknown,NONE,fg=35(Fear); token_unlock:no_data
335,2026-05-02 05:00:00+00:00,LABUSDT,17.94,unknown,none,unknown,NONE,fg=32(Fear); token_unlock:no_data
336,2026-05-02 16:00:00+00:00,LABUSDT,30.4,liq_cascade,none,liq_cascade,MEDIUM,fg=32(Fear); token_unlock:no_data
337,2026-05-02 21:00:00+00:00,LABUSDT,27.32,liq_cascade,none,liq_cascade,MEDIUM,fg=32(Fear); token_unlock:no_data
338,2026-05-03 01:00:00+00:00,LABUSDT,38.88,unknown,none,unknown,NONE,fg=43(Fear); token_unlock:no_data
339,2026-05-03 22:00:00+00:00,LABUSDT,11.7,unknown,none,unknown,NONE,fg=43(Fear); token_unlock:no_data
340,2026-05-04 01:00:00+00:00,LABUSDT,16.93,unknown,none,unknown,NONE,fg=44(Fear); token_unlock:no_data
341,2026-05-04 06:00:00+00:00,LABUSDT,12.6,unknown,none,unknown,NONE,fg=44(Fear); token_unlock:no_data
342,2026-05-05 09:00:00+00:00,LABUSDT,17.46,unknown,none,unknown,NONE,fg=45(Fear); token_unlock:no_data
343,2026-05-06 12:00:00+00:00,LABUSDT,28.85,unknown,none,unknown,NONE,fg=48(Fear); token_unlock:no_data
344,2026-05-07 10:00:00+00:00,LABUSDT,24.02,unknown,none,unknown,NONE,fg=46(Fear); token_unlock:no_data
345,2026-05-11 18:00:00+00:00,LABUSDT,18.23,liq_cascade,none,liq_cascade,MEDIUM,fg=48(Neutral); token_unlock:no_data
346,2026-05-15 04:00:00+00:00,LABUSDT,38.66,unknown,none,unknown,NONE,fg=38(Fear); token_unlock:no_data
347,2024-07-04 08:00:00+00:00,LINKUSDT,15.66,unknown,none,unknown,NONE,fg=47(Fear); liq_cascade:pre_coverage; news_negative:pre_coverage; token_unlock:no_data
348,2024-08-04 12:00:00+00:00,LINKUSDT,28.59,btc_cascade,none,btc_cascade,HIGH,fg=36(Fear); liq_cascade:pre_coverage; news_negative:pre_coverage; token_unlock:no_data
349,2024-12-09 05:00:00+00:00,LINKUSDT,20.6,unknown,none,unknown,NONE,fg=78(Extreme Greed); liq_cascade:pre_coverage; news_negative:pre_coverage; token_unlock:no_data
350,2024-12-19 14:00:00+00:00,LINKUSDT,18.3,unknown,none,unknown,NONE,fg=78(Extreme Greed); liq_cascade:pre_coverage; news_negative:pre_coverage; token_unlock:no_data
351,2025-01-26 19:00:00+00:00,LINKUSDT,15.2,unknown,none,unknown,NONE,fg=74(Greed); liq_cascade:pre_coverage; news_negative:pre_coverage; token_unlock:no_data
352,2025-02-02 08:00:00+00:00,LINKUSDT,25.45,unknown,none,unknown,NONE,fg=64(Greed); liq_cascade:pre_coverage; news_negative:pre_coverage; token_unlock:no_data
353,2025-03-03 13:00:00+00:00,LINKUSDT,19.65,btc_cascade,none,btc_cascade,HIGH,fg=30(Fear); liq_cascade:pre_coverage; news_negative:pre_coverage; token_unlock:no_data
354,2025-04-06 06:00:00+00:00,LINKUSDT,19.46,unknown,none,unknown,NONE,fg=32(Fear); liq_cascade:pre_coverage; news_negative:pre_coverage; token_unlock:no_data
355,2025-10-10 13:00:00+00:00,LINKUSDT,25.8,unknown,none,unknown,NONE,fg=67(Greed); liq_cascade:pre_coverage; news_negative:pre_coverage; token_unlock:no_data
356,2025-02-03 00:00:00+00:00,LINKUSDT,11.49,btc_cascade,none,btc_cascade,HIGH,fg=64(Greed); liq_cascade:pre_coverage; news_negative:pre_coverage; token_unlock:no_data
357,2025-10-10 20:00:00+00:00,LINKUSDT,12.89,btc_cascade,none,btc_cascade,HIGH,fg=67(Greed); liq_cascade:pre_coverage; news_negative:pre_coverage; token_unlock:no_data
358,2024-06-17 01:00:00+00:00,NEARUSDT,16.47,unknown,none,unknown,NONE,fg=71(Greed); liq_cascade:pre_coverage; news_negative:pre_coverage; token_unlock:no_data
359,2024-07-04 09:00:00+00:00,NEARUSDT,18.55,unknown,none,unknown,NONE,fg=47(Fear); liq_cascade:pre_coverage; news_negative:pre_coverage; token_unlock:no_data
360,2024-08-04 12:00:00+00:00,NEARUSDT,28.01,btc_cascade,none,btc_cascade,HIGH,fg=36(Fear); liq_cascade:pre_coverage; news_negative:pre_coverage; token_unlock:no_data
361,2024-12-09 05:00:00+00:00,NEARUSDT,16.86,unknown,none,unknown,NONE,fg=78(Extreme Greed); liq_cascade:pre_coverage; news_negative:pre_coverage; token_unlock:no_data
362,2024-12-19 11:00:00+00:00,NEARUSDT,21.73,unknown,none,unknown,NONE,fg=78(Extreme Greed); liq_cascade:pre_coverage; news_negative:pre_coverage; token_unlock:no_data
363,2025-01-19 01:00:00+00:00,NEARUSDT,15.24,unknown,none,unknown,NONE,fg=77(Extreme Greed); liq_cascade:pre_coverage; news_negative:pre_coverage; token_unlock:no_data
364,2025-02-02 02:00:00+00:00,NEARUSDT,29.58,unknown,none,unknown,NONE,fg=64(Greed); liq_cascade:pre_coverage; news_negative:pre_coverage; token_unlock:no_data
365,2025-02-24 07:00:00+00:00,NEARUSDT,15.1,unknown,none,unknown,NONE,fg=50(Neutral); liq_cascade:pre_coverage; news_negative:pre_coverage; token_unlock:no_data
366,2025-03-03 16:00:00+00:00,NEARUSDT,18.52,btc_cascade,none,btc_cascade,HIGH,fg=30(Fear); liq_cascade:pre_coverage; news_negative:pre_coverage; token_unlock:no_data
367,2025-03-10 12:00:00+00:00,NEARUSDT,16.57,macro_event,btc_cascade,macro_event|btc_cascade,HIGH,fg=24(Extreme Fear); liq_cascade:pre_coverage; news_negative:pre_coverage; token_unlock:no_data
368,2025-04-06 08:00:00+00:00,NEARUSDT,17.51,unknown,none,unknown,NONE,fg=32(Fear); liq_cascade:pre_coverage; news_negative:pre_coverage; token_unlock:no_data
369,2025-10-10 12:00:00+00:00,NEARUSDT,26.1,unknown,none,unknown,NONE,fg=67(Greed); liq_cascade:pre_coverage; news_negative:pre_coverage; token_unlock:no_data
370,2025-11-20 12:00:00+00:00,NEARUSDT,19.42,macro_event,none,macro_event,LOW,fg=13(Extreme Fear); liq_cascade:pre_coverage; news_negative:pre_coverage; token_unlock:no_data
371,2026-02-05 00:00:00+00:00,NEARUSDT,17.92,macro_event,none,macro_event,LOW,fg=16(Extreme Fear); liq_cascade:pre_coverage; news_negative:pre_coverage; token_unlock:no_data
372,2025-02-03 00:00:00+00:00,NEARUSDT,13.27,btc_cascade,none,btc_cascade,HIGH,fg=64(Greed); liq_cascade:pre_coverage; news_negative:pre_coverage; token_unlock:no_data
373,2025-10-10 20:00:00+00:00,NEARUSDT,15.3,btc_cascade,none,btc_cascade,HIGH,fg=67(Greed); liq_cascade:pre_coverage; news_negative:pre_coverage; token_unlock:no_data
374,2024-07-04 04:00:00+00:00,ONDOUSDT,18.3,unknown,none,unknown,NONE,fg=47(Fear); liq_cascade:pre_coverage; news_negative:pre_coverage; token_unlock:no_data
375,2024-08-04 12:00:00+00:00,ONDOUSDT,30.78,btc_cascade,none,btc_cascade,HIGH,fg=36(Fear); liq_cascade:pre_coverage; news_negative:pre_coverage; token_unlock:no_data
376,2024-12-19 11:00:00+00:00,ONDOUSDT,22.7,unknown,none,unknown,NONE,fg=78(Extreme Greed); liq_cascade:pre_coverage; news_negative:pre_coverage; token_unlock:no_data
377,2025-01-18 00:00:00+00:00,ONDOUSDT,18.12,unknown,none,unknown,NONE,fg=75(Greed); liq_cascade:pre_coverage; news_negative:pre_coverage; token_unlock:no_data
378,2025-02-02 01:00:00+00:00,ONDOUSDT,23.64,unknown,none,unknown,NONE,fg=64(Greed); liq_cascade:pre_coverage; news_negative:pre_coverage; token_unlock:no_data
379,2025-03-03 13:00:00+00:00,ONDOUSDT,23.55,btc_cascade,none,btc_cascade,HIGH,fg=30(Fear); liq_cascade:pre_coverage; news_negative:pre_coverage; token_unlock:no_data
380,2025-03-06 03:00:00+00:00,ONDOUSDT,15.53,macro_event,none,macro_event,LOW,fg=22(Extreme Fear); liq_cascade:pre_coverage; news_negative:pre_coverage; token_unlock:no_data
381,2025-03-10 11:00:00+00:00,ONDOUSDT,15.38,macro_event,btc_cascade,macro_event|btc_cascade,HIGH,fg=24(Extreme Fear); liq_cascade:pre_coverage; news_negative:pre_coverage; token_unlock:no_data
382,2025-04-06 06:00:00+00:00,ONDOUSDT,15.61,unknown,none,unknown,NONE,fg=32(Fear); liq_cascade:pre_coverage; news_negative:pre_coverage; token_unlock:no_data
383,2025-10-10 13:00:00+00:00,ONDOUSDT,30.62,unknown,none,unknown,NONE,fg=67(Greed); liq_cascade:pre_coverage; news_negative:pre_coverage; token_unlock:no_data
384,2025-11-20 12:00:00+00:00,ONDOUSDT,16.68,macro_event,none,macro_event,LOW,fg=13(Extreme Fear); liq_cascade:pre_coverage; news_negative:pre_coverage; token_unlock:no_data
385,2026-02-04 20:00:00+00:00,ONDOUSDT,17.64,macro_event,none,macro_event,LOW,fg=16(Extreme Fear); liq_cascade:pre_coverage; news_negative:pre_coverage; token_unlock:no_data
386,2026-05-22 13:00:00+00:00,ONDOUSDT,17.33,news_negative,none,news_negative,LOW,fg=28(Fear); news=screener_SHORT_proxy_not_external_news; token_unlock:no_data
387,2024-07-05 01:00:00+00:00,ONDOUSDT,11.81,btc_cascade,none,btc_cascade,HIGH,fg=36(Fear); liq_cascade:pre_coverage; news_negative:pre_coverage; token_unlock:no_data
388,2025-02-03 00:00:00+00:00,ONDOUSDT,14.34,btc_cascade,none,btc_cascade,HIGH,fg=64(Greed); liq_cascade:pre_coverage; news_negative:pre_coverage; token_unlock:no_data
389,2025-10-10 20:00:00+00:00,ONDOUSDT,19.0,btc_cascade,none,btc_cascade,HIGH,fg=67(Greed); liq_cascade:pre_coverage; news_negative:pre_coverage; token_unlock:no_data
390,2025-08-07 07:00:00+00:00,PLAYUSDT,42.14,unknown,none,unknown,NONE,fg=58(Greed); liq_cascade:pre_coverage; news_negative:pre_coverage; token_unlock:no_data
391,2025-08-31 22:00:00+00:00,PLAYUSDT,25.01,unknown,none,unknown,NONE,fg=44(Fear); liq_cascade:pre_coverage; news_negative:pre_coverage; token_unlock:no_data
392,2025-10-10 14:00:00+00:00,PLAYUSDT,39.84,unknown,none,unknown,NONE,fg=67(Greed); liq_cascade:pre_coverage; news_negative:pre_coverage; token_unlock:no_data
393,2025-10-14 05:00:00+00:00,PLAYUSDT,17.77,unknown,none,unknown,NONE,fg=38(Fear); liq_cascade:pre_coverage; news_negative:pre_coverage; token_unlock:no_data
394,2025-12-29 06:00:00+00:00,PLAYUSDT,16.57,macro_event,none,macro_event,LOW,fg=24(Extreme Fear); liq_cascade:pre_coverage; news_negative:pre_coverage; token_unlock:no_data
395,2026-01-29 11:00:00+00:00,PLAYUSDT,23.79,unknown,none,unknown,NONE,fg=28(Fear); liq_cascade:pre_coverage; news_negative:pre_coverage; token_unlock:no_data
396,2026-02-03 13:00:00+00:00,PLAYUSDT,21.5,macro_event,none,macro_event,LOW,fg=16(Extreme Fear); liq_cascade:pre_coverage; news_negative:pre_coverage; token_unlock:no_data
397,2026-02-11 16:00:00+00:00,PLAYUSDT,34.98,macro_event,none,macro_event,LOW,fg=10(Extreme Fear); liq_cascade:pre_coverage; news_negative:pre_coverage; token_unlock:no_data
398,2026-02-14 18:00:00+00:00,PLAYUSDT,32.16,macro_event,none,macro_event,LOW,fg=9(Extreme Fear); liq_cascade:pre_coverage; news_negative:pre_coverage; token_unlock:no_data
399,2026-02-18 15:00:00+00:00,PLAYUSDT,20.33,macro_event,none,macro_event,LOW,fg=9(Extreme Fear); liq_cascade:pre_coverage; news_negative:pre_coverage; token_unlock:no_data
400,2026-02-22 05:00:00+00:00,PLAYUSDT,21.92,macro_event,none,macro_event,LOW,fg=8(Extreme Fear); liq_cascade:pre_coverage; news_negative:pre_coverage; token_unlock:no_data
401,2026-03-12 01:00:00+00:00,PLAYUSDT,19.34,macro_event,none,macro_event,LOW,fg=16(Extreme Fear); liq_cascade:pre_coverage; news_negative:pre_coverage; token_unlock:no_data
402,2026-03-13 01:00:00+00:00,PLAYUSDT,19.91,macro_event,none,macro_event,LOW,fg=16(Extreme Fear); liq_cascade:pre_coverage; news_negative:pre_coverage; token_unlock:no_data
403,2026-03-20 09:00:00+00:00,PLAYUSDT,19.52,macro_event,none,macro_event,LOW,fg=17(Extreme Fear); liq_cascade:pre_coverage; news_negative:pre_coverage; token_unlock:no_data
404,2026-03-30 04:00:00+00:00,PLAYUSDT,18.37,macro_event,none,macro_event,LOW,fg=8(Extreme Fear); liq_cascade:pre_coverage; news_negative:pre_coverage; token_unlock:no_data
405,2026-04-05 00:00:00+00:00,PLAYUSDT,16.72,macro_event,none,macro_event,LOW,fg=10(Extreme Fear); liq_cascade:pre_coverage; news_negative:pre_coverage; token_unlock:no_data
406,2026-04-15 19:00:00+00:00,PLAYUSDT,42.97,macro_event,none,macro_event,LOW,fg=22(Extreme Fear); token_unlock:no_data
407,2026-04-24 08:00:00+00:00,PLAYUSDT,18.51,unknown,none,unknown,NONE,fg=42(Fear); token_unlock:no_data
408,2026-05-06 23:00:00+00:00,PLAYUSDT,59.03,unknown,none,unknown,NONE,fg=48(Fear); token_unlock:no_data
409,2026-05-10 08:00:00+00:00,PLAYUSDT,25.1,stablecoin_outflow,none,stablecoin_outflow,LOW,fg=42(Fear); token_unlock:no_data
410,2026-05-12 03:00:00+00:00,PLAYUSDT,20.12,unknown,none,unknown,NONE,fg=48(Neutral); token_unlock:no_data
411,2026-05-15 11:00:00+00:00,PLAYUSDT,24.85,btc_cascade,none,btc_cascade,HIGH,fg=38(Fear); token_unlock:no_data
412,2026-05-20 12:00:00+00:00,PLAYUSDT,46.1,macro_event,none,macro_event,LOW,fg=26(Extreme Fear); token_unlock:no_data
413,2026-05-23 03:00:00+00:00,PLAYUSDT,33.76,unknown,none,unknown,NONE,fg=28(Fear); token_unlock:no_data
414,2026-05-24 12:00:00+00:00,PLAYUSDT,19.35,macro_event,none,macro_event,LOW,fg=26(Extreme Fear); token_unlock:no_data
415,2025-08-07 07:00:00+00:00,PLAYUSDT,13.87,unknown,none,unknown,NONE,fg=58(Greed); liq_cascade:pre_coverage; news_negative:pre_coverage; token_unlock:no_data
416,2025-08-07 10:00:00+00:00,PLAYUSDT,13.06,unknown,none,unknown,NONE,fg=58(Greed); liq_cascade:pre_coverage; news_negative:pre_coverage; token_unlock:no_data
417,2025-08-11 05:00:00+00:00,PLAYUSDT,15.35,unknown,none,unknown,NONE,fg=70(Greed); liq_cascade:pre_coverage; news_negative:pre_coverage; token_unlock:no_data
418,2025-10-10 20:00:00+00:00,PLAYUSDT,32.29,btc_cascade,none,btc_cascade,HIGH,fg=67(Greed); liq_cascade:pre_coverage; news_negative:pre_coverage; token_unlock:no_data
419,2025-11-25 16:00:00+00:00,PLAYUSDT,10.63,macro_event,none,macro_event,LOW,fg=20(Extreme Fear); liq_cascade:pre_coverage; news_negative:pre_coverage; token_unlock:no_data
420,2026-01-29 11:00:00+00:00,PLAYUSDT,14.81,unknown,none,unknown,NONE,fg=28(Fear); liq_cascade:pre_coverage; news_negative:pre_coverage; token_unlock:no_data
421,2026-02-12 12:00:00+00:00,PLAYUSDT,13.13,macro_event,none,macro_event,LOW,fg=8(Extreme Fear); liq_cascade:pre_coverage; news_negative:pre_coverage; token_unlock:no_data
422,2026-02-13 14:00:00+00:00,PLAYUSDT,17.16,macro_event,none,macro_event,LOW,fg=7(Extreme Fear); liq_cascade:pre_coverage; news_negative:pre_coverage; token_unlock:no_data
423,2026-02-15 11:00:00+00:00,PLAYUSDT,16.96,macro_event,none,macro_event,LOW,fg=8(Extreme Fear); liq_cascade:pre_coverage; news_negative:pre_coverage; token_unlock:no_data
424,2026-03-03 13:00:00+00:00,PLAYUSDT,10.88,macro_event,none,macro_event,LOW,fg=12(Extreme Fear); liq_cascade:pre_coverage; news_negative:pre_coverage; token_unlock:no_data
425,2026-03-12 07:00:00+00:00,PLAYUSDT,13.06,macro_event,none,macro_event,LOW,fg=16(Extreme Fear); liq_cascade:pre_coverage; news_negative:pre_coverage; token_unlock:no_data
426,2026-03-20 09:00:00+00:00,PLAYUSDT,19.28,macro_event,none,macro_event,LOW,fg=17(Extreme Fear); liq_cascade:pre_coverage; news_negative:pre_coverage; token_unlock:no_data
427,2026-03-28 19:00:00+00:00,PLAYUSDT,10.3,macro_event,none,macro_event,LOW,fg=12(Extreme Fear); liq_cascade:pre_coverage; news_negative:pre_coverage; token_unlock:no_data
428,2026-04-15 19:00:00+00:00,PLAYUSDT,15.14,macro_event,none,macro_event,LOW,fg=22(Extreme Fear); token_unlock:no_data
429,2026-04-16 08:00:00+00:00,PLAYUSDT,15.02,macro_event,none,macro_event,LOW,fg=23(Extreme Fear); token_unlock:no_data
430,2026-04-25 01:00:00+00:00,PLAYUSDT,19.67,unknown,none,unknown,NONE,fg=35(Fear); token_unlock:no_data
431,2026-05-02 05:00:00+00:00,PLAYUSDT,15.35,unknown,none,unknown,NONE,fg=32(Fear); token_unlock:no_data
432,2026-05-06 23:00:00+00:00,PLAYUSDT,18.94,unknown,none,unknown,NONE,fg=48(Fear); token_unlock:no_data
433,2026-05-07 05:00:00+00:00,PLAYUSDT,15.41,unknown,none,unknown,NONE,fg=46(Fear); token_unlock:no_data
434,2026-05-07 08:00:00+00:00,PLAYUSDT,12.59,unknown,none,unknown,NONE,fg=46(Fear); token_unlock:no_data
435,2026-05-09 11:00:00+00:00,PLAYUSDT,10.92,stablecoin_outflow,none,stablecoin_outflow,LOW,fg=38(Fear); token_unlock:no_data
436,2026-05-15 11:00:00+00:00,PLAYUSDT,17.76,btc_cascade,none,btc_cascade,HIGH,fg=38(Fear); token_unlock:no_data
437,2026-05-20 14:00:00+00:00,PLAYUSDT,14.54,macro_event,none,macro_event,LOW,fg=26(Extreme Fear); token_unlock:no_data
438,2026-05-20 19:00:00+00:00,PLAYUSDT,10.64,macro_event,none,macro_event,LOW,fg=26(Extreme Fear); token_unlock:no_data
439,2026-05-21 00:00:00+00:00,PLAYUSDT,10.36,macro_event,none,macro_event,LOW,fg=26(Extreme Fear); token_unlock:no_data
440,2026-05-22 03:00:00+00:00,PLAYUSDT,17.54,unknown,none,unknown,NONE,fg=28(Fear); token_unlock:no_data
441,2026-05-22 13:00:00+00:00,PLAYUSDT,12.97,unknown,none,unknown,NONE,fg=28(Fear); token_unlock:no_data
442,2026-05-23 07:00:00+00:00,PLAYUSDT,13.32,unknown,none,unknown,NONE,fg=28(Fear); token_unlock:no_data
443,2026-05-27 12:00:00+00:00,PLAYUSDT,12.33,macro_event,none,macro_event,LOW,fg=30(Extreme Fear); token_unlock:no_data
444,2024-08-04 12:00:00+00:00,SOLUSDT,22.82,btc_cascade,none,btc_cascade,HIGH,fg=36(Fear); liq_cascade:pre_coverage; news_negative:pre_coverage; token_unlock:no_data
445,2024-12-19 11:00:00+00:00,SOLUSDT,16.32,unknown,none,unknown,NONE,fg=78(Extreme Greed); liq_cascade:pre_coverage; news_negative:pre_coverage; token_unlock:no_data
446,2025-01-19 11:00:00+00:00,SOLUSDT,18.9,unknown,none,unknown,NONE,fg=77(Extreme Greed); liq_cascade:pre_coverage; news_negative:pre_coverage; token_unlock:no_data
447,2025-02-02 01:00:00+00:00,SOLUSDT,15.03,unknown,none,unknown,NONE,fg=64(Greed); liq_cascade:pre_coverage; news_negative:pre_coverage; token_unlock:no_data
448,2025-02-23 23:00:00+00:00,SOLUSDT,16.49,unknown,none,unknown,NONE,fg=50(Neutral); liq_cascade:pre_coverage; news_negative:pre_coverage; token_unlock:no_data
449,2025-03-02 23:00:00+00:00,SOLUSDT,21.76,macro_event,none,macro_event,LOW,fg=23(Extreme Fear); liq_cascade:pre_coverage; news_negative:pre_coverage; token_unlock:no_data
450,2025-04-06 09:00:00+00:00,SOLUSDT,18.89,unknown,none,unknown,NONE,fg=32(Fear); liq_cascade:pre_coverage; news_negative:pre_coverage; token_unlock:no_data
451,2025-10-10 13:00:00+00:00,SOLUSDT,18.6,unknown,none,unknown,NONE,fg=67(Greed); liq_cascade:pre_coverage; news_negative:pre_coverage; token_unlock:no_data
452,2026-02-05 09:00:00+00:00,SOLUSDT,18.44,macro_event,none,macro_event,LOW,fg=13(Extreme Fear); liq_cascade:pre_coverage; news_negative:pre_coverage; token_unlock:no_data
453,2024-06-17 18:00:00+00:00,SUIUSDT,17.49,unknown,none,unknown,NONE,fg=71(Greed); liq_cascade:pre_coverage; news_negative:pre_coverage; token_unlock:no_data
454,2024-07-04 05:00:00+00:00,SUIUSDT,21.96,unknown,none,unknown,NONE,fg=47(Fear); liq_cascade:pre_coverage; news_negative:pre_coverage; token_unlock:no_data
455,2024-08-04 12:00:00+00:00,SUIUSDT,24.64,btc_cascade,none,btc_cascade,HIGH,fg=36(Fear); liq_cascade:pre_coverage; news_negative:pre_coverage; token_unlock:no_data
456,2024-10-03 01:00:00+00:00,SUIUSDT,17.3,unknown,none,unknown,NONE,fg=40(Fear); liq_cascade:pre_coverage; news_negative:pre_coverage; token_unlock:no_data
457,2024-12-19 11:00:00+00:00,SUIUSDT,22.95,unknown,none,unknown,NONE,fg=78(Extreme Greed); liq_cascade:pre_coverage; news_negative:pre_coverage; token_unlock:no_data
458,2025-02-02 01:00:00+00:00,SUIUSDT,28.51,unknown,none,unknown,NONE,fg=64(Greed); liq_cascade:pre_coverage; news_negative:pre_coverage; token_unlock:no_data
459,2025-02-24 09:00:00+00:00,SUIUSDT,17.78,unknown,none,unknown,NONE,fg=50(Neutral); liq_cascade:pre_coverage; news_negative:pre_coverage; token_unlock:no_data
460,2025-03-03 16:00:00+00:00,SUIUSDT,18.36,btc_cascade,none,btc_cascade,HIGH,fg=30(Fear); liq_cascade:pre_coverage; news_negative:pre_coverage; token_unlock:no_data
461,2025-03-10 11:00:00+00:00,SUIUSDT,15.23,macro_event,btc_cascade,macro_event|btc_cascade,HIGH,fg=24(Extreme Fear); liq_cascade:pre_coverage; news_negative:pre_coverage; token_unlock:no_data
462,2025-04-06 08:00:00+00:00,SUIUSDT,19.61,unknown,none,unknown,NONE,fg=32(Fear); liq_cascade:pre_coverage; news_negative:pre_coverage; token_unlock:no_data
463,2025-10-10 12:00:00+00:00,SUIUSDT,27.27,unknown,none,unknown,NONE,fg=67(Greed); liq_cascade:pre_coverage; news_negative:pre_coverage; token_unlock:no_data
464,2025-11-20 12:00:00+00:00,SUIUSDT,18.96,macro_event,none,macro_event,LOW,fg=13(Extreme Fear); liq_cascade:pre_coverage; news_negative:pre_coverage; token_unlock:no_data
465,2026-02-05 00:00:00+00:00,SUIUSDT,19.26,macro_event,none,macro_event,LOW,fg=16(Extreme Fear); liq_cascade:pre_coverage; news_negative:pre_coverage; token_unlock:no_data
466,2025-02-03 00:00:00+00:00,SUIUSDT,14.39,btc_cascade,none,btc_cascade,HIGH,fg=64(Greed); liq_cascade:pre_coverage; news_negative:pre_coverage; token_unlock:no_data
467,2025-10-10 20:00:00+00:00,SUIUSDT,17.99,btc_cascade,none,btc_cascade,HIGH,fg=67(Greed); liq_cascade:pre_coverage; news_negative:pre_coverage; token_unlock:no_data
468,2024-07-02 02:00:00+00:00,TAOUSDT,16.43,unknown,none,unknown,NONE,fg=52(Neutral); liq_cascade:pre_coverage; news_negative:pre_coverage; token_unlock:no_data
469,2024-07-04 02:00:00+00:00,TAOUSDT,16.29,btc_cascade,none,btc_cascade,HIGH,fg=47(Fear); liq_cascade:pre_coverage; news_negative:pre_coverage; token_unlock:no_data
470,2024-08-04 06:00:00+00:00,TAOUSDT,30.16,unknown,none,unknown,NONE,fg=36(Fear); liq_cascade:pre_coverage; news_negative:pre_coverage; token_unlock:no_data
471,2024-12-09 16:00:00+00:00,TAOUSDT,19.02,btc_cascade,none,btc_cascade,HIGH,fg=78(Extreme Greed); liq_cascade:pre_coverage; news_negative:pre_coverage; token_unlock:no_data
472,2024-12-19 11:00:00+00:00,TAOUSDT,18.04,unknown,none,unknown,NONE,fg=78(Extreme Greed); liq_cascade:pre_coverage; news_negative:pre_coverage; token_unlock:no_data
473,2025-01-20 09:00:00+00:00,TAOUSDT,16.62,unknown,none,unknown,NONE,fg=76(Extreme Greed); liq_cascade:pre_coverage; news_negative:pre_coverage; token_unlock:no_data
474,2025-01-26 17:00:00+00:00,TAOUSDT,15.19,unknown,none,unknown,NONE,fg=74(Greed); liq_cascade:pre_coverage; news_negative:pre_coverage; token_unlock:no_data
475,2025-02-02 01:00:00+00:00,TAOUSDT,30.44,unknown,none,unknown,NONE,fg=64(Greed); liq_cascade:pre_coverage; news_negative:pre_coverage; token_unlock:no_data
476,2025-02-24 16:00:00+00:00,TAOUSDT,17.22,unknown,none,unknown,NONE,fg=50(Neutral); liq_cascade:pre_coverage; news_negative:pre_coverage; token_unlock:no_data
477,2025-02-27 07:00:00+00:00,TAOUSDT,18.57,macro_event,stablecoin_outflow,macro_event|stablecoin_outflow,LOW,fg=16(Extreme Fear); liq_cascade:pre_coverage; news_negative:pre_coverage; token_unlock:no_data
478,2025-03-03 16:00:00+00:00,TAOUSDT,16.9,btc_cascade,none,btc_cascade,HIGH,fg=30(Fear); liq_cascade:pre_coverage; news_negative:pre_coverage; token_unlock:no_data
479,2025-03-10 04:00:00+00:00,TAOUSDT,16.37,macro_event,none,macro_event,LOW,fg=24(Extreme Fear); liq_cascade:pre_coverage; news_negative:pre_coverage; token_unlock:no_data
480,2025-04-06 08:00:00+00:00,TAOUSDT,21.33,unknown,none,unknown,NONE,fg=32(Fear); liq_cascade:pre_coverage; news_negative:pre_coverage; token_unlock:no_data
481,2025-10-10 12:00:00+00:00,TAOUSDT,29.34,unknown,none,unknown,NONE,fg=67(Greed); liq_cascade:pre_coverage; news_negative:pre_coverage; token_unlock:no_data
482,2025-10-16 16:00:00+00:00,TAOUSDT,15.03,btc_cascade,none,btc_cascade,HIGH,fg=31(Fear); liq_cascade:pre_coverage; news_negative:pre_coverage; token_unlock:no_data
483,2025-11-03 17:00:00+00:00,TAOUSDT,18.97,btc_cascade,none,btc_cascade,HIGH,fg=40(Fear); liq_cascade:pre_coverage; news_negative:pre_coverage; token_unlock:no_data
484,2026-02-05 01:00:00+00:00,TAOUSDT,15.95,macro_event,none,macro_event,LOW,fg=13(Extreme Fear); liq_cascade:pre_coverage; news_negative:pre_coverage; token_unlock:no_data
485,2026-04-09 22:00:00+00:00,TAOUSDT,22.72,macro_event,none,macro_event,LOW,fg=16(Extreme Fear); liq_cascade:pre_coverage; news_negative:pre_coverage; token_unlock:no_data
486,2025-02-03 00:00:00+00:00,TAOUSDT,15.32,btc_cascade,none,btc_cascade,HIGH,fg=64(Greed); liq_cascade:pre_coverage; news_negative:pre_coverage; token_unlock:no_data
487,2025-10-10 20:00:00+00:00,TAOUSDT,12.07,btc_cascade,none,btc_cascade,HIGH,fg=67(Greed); liq_cascade:pre_coverage; news_negative:pre_coverage; token_unlock:no_data
488,2024-08-04 13:00:00+00:00,TONUSDT,20.36,btc_cascade,none,btc_cascade,HIGH,fg=36(Fear); liq_cascade:pre_coverage; news_negative:pre_coverage; token_unlock:no_data
489,2024-08-24 16:00:00+00:00,TONUSDT,21.61,unknown,none,unknown,NONE,fg=45(Fear); liq_cascade:pre_coverage; news_negative:pre_coverage; token_unlock:no_data
490,2025-02-02 15:00:00+00:00,TONUSDT,29.22,unknown,none,unknown,NONE,fg=64(Greed); liq_cascade:pre_coverage; news_negative:pre_coverage; token_unlock:no_data
491,2025-03-03 05:00:00+00:00,TONUSDT,15.17,btc_cascade,none,btc_cascade,HIGH,fg=30(Fear); liq_cascade:pre_coverage; news_negative:pre_coverage; token_unlock:no_data
492,2025-10-10 13:00:00+00:00,TONUSDT,30.83,unknown,none,unknown,NONE,fg=67(Greed); liq_cascade:pre_coverage; news_negative:pre_coverage; token_unlock:no_data
493,2026-05-07 06:00:00+00:00,TONUSDT,17.92,liq_cascade,none,liq_cascade,MEDIUM,fg=46(Fear); token_unlock:no_data
494,2025-02-03 00:00:00+00:00,TONUSDT,13.97,btc_cascade,none,btc_cascade,HIGH,fg=64(Greed); liq_cascade:pre_coverage; news_negative:pre_coverage; token_unlock:no_data
495,2025-10-10 20:00:00+00:00,TONUSDT,19.55,btc_cascade,none,btc_cascade,HIGH,fg=67(Greed); liq_cascade:pre_coverage; news_negative:pre_coverage; token_unlock:no_data
496,2025-10-21 23:00:00+00:00,UBUSDT,20.57,btc_cascade,none,btc_cascade,HIGH,fg=32(Fear); liq_cascade:pre_coverage; news_negative:pre_coverage; token_unlock:no_data
497,2025-12-23 13:00:00+00:00,UBUSDT,22.49,macro_event,stablecoin_outflow,macro_event|stablecoin_outflow,LOW,fg=24(Extreme Fear); liq_cascade:pre_coverage; news_negative:pre_coverage; token_unlock:no_data
498,2026-01-09 02:00:00+00:00,UBUSDT,19.09,unknown,none,unknown,NONE,fg=28(Fear); liq_cascade:pre_coverage; news_negative:pre_coverage; token_unlock:no_data
499,2026-02-01 12:00:00+00:00,UBUSDT,18.37,macro_event,stablecoin_outflow,macro_event|stablecoin_outflow,LOW,fg=17(Extreme Fear); liq_cascade:pre_coverage; news_negative:pre_coverage; token_unlock:no_data
500,2026-02-18 02:00:00+00:00,UBUSDT,17.93,macro_event,none,macro_event,LOW,fg=9(Extreme Fear); liq_cascade:pre_coverage; news_negative:pre_coverage; token_unlock:no_data
501,2026-02-26 12:00:00+00:00,UBUSDT,26.87,macro_event,none,macro_event,LOW,fg=11(Extreme Fear); liq_cascade:pre_coverage; news_negative:pre_coverage; token_unlock:no_data
502,2026-03-25 17:00:00+00:00,UBUSDT,28.67,macro_event,none,macro_event,LOW,fg=12(Extreme Fear); liq_cascade:pre_coverage; news_negative:pre_coverage; token_unlock:no_data
503,2026-03-30 05:00:00+00:00,UBUSDT,23.65,macro_event,none,macro_event,LOW,fg=8(Extreme Fear); liq_cascade:pre_coverage; news_negative:pre_coverage; token_unlock:no_data
504,2026-04-02 00:00:00+00:00,UBUSDT,18.11,macro_event,btc_cascade,macro_event|btc_cascade,HIGH,fg=10(Extreme Fear); liq_cascade:pre_coverage; news_negative:pre_coverage; token_unlock:no_data
505,2026-04-03 19:00:00+00:00,UBUSDT,19.29,macro_event,none,macro_event,LOW,fg=10(Extreme Fear); liq_cascade:pre_coverage; news_negative:pre_coverage; token_unlock:no_data
506,2026-04-06 03:00:00+00:00,UBUSDT,17.89,macro_event,none,macro_event,LOW,fg=12(Extreme Fear); liq_cascade:pre_coverage; news_negative:pre_coverage; token_unlock:no_data
507,2026-04-08 15:00:00+00:00,UBUSDT,18.62,macro_event,none,macro_event,LOW,fg=14(Extreme Fear); liq_cascade:pre_coverage; news_negative:pre_coverage; token_unlock:no_data
508,2026-04-22 21:00:00+00:00,UBUSDT,40.62,liq_cascade,none,liq_cascade,MEDIUM,fg=32(Fear); token_unlock:no_data
509,2026-04-30 07:00:00+00:00,UBUSDT,17.98,unknown,none,unknown,NONE,fg=28(Fear); token_unlock:no_data
510,2026-05-01 15:00:00+00:00,UBUSDT,32.51,unknown,none,unknown,NONE,fg=28(Fear); token_unlock:no_data
511,2026-05-02 21:00:00+00:00,UBUSDT,37.06,unknown,none,unknown,NONE,fg=32(Fear); token_unlock:no_data
512,2026-05-16 08:00:00+00:00,UBUSDT,34.77,unknown,none,unknown,NONE,fg=37(Fear); token_unlock:no_data
513,2025-09-13 11:00:00+00:00,UBUSDT,22.31,unknown,none,unknown,NONE,fg=54(Greed); liq_cascade:pre_coverage; news_negative:pre_coverage; token_unlock:no_data
514,2025-10-17 04:00:00+00:00,UBUSDT,11.25,macro_event,btc_cascade,macro_event|btc_cascade,HIGH,fg=25(Extreme Fear); liq_cascade:pre_coverage; news_negative:pre_coverage; token_unlock:no_data
515,2025-10-22 11:00:00+00:00,UBUSDT,12.42,macro_event,none,macro_event,LOW,fg=30(Extreme Fear); liq_cascade:pre_coverage; news_negative:pre_coverage; token_unlock:no_data
516,2025-10-23 13:00:00+00:00,UBUSDT,13.3,macro_event,none,macro_event,LOW,fg=26(Extreme Fear); liq_cascade:pre_coverage; news_negative:pre_coverage; token_unlock:no_data
517,2025-10-27 12:00:00+00:00,UBUSDT,11.87,unknown,none,unknown,NONE,fg=46(Fear); liq_cascade:pre_coverage; news_negative:pre_coverage; token_unlock:no_data
518,2025-11-14 05:00:00+00:00,UBUSDT,12.22,macro_event,none,macro_event,LOW,fg=16(Extreme Fear); liq_cascade:pre_coverage; news_negative:pre_coverage; token_unlock:no_data
519,2026-01-08 13:00:00+00:00,UBUSDT,12.18,unknown,none,unknown,NONE,fg=35(Fear); liq_cascade:pre_coverage; news_negative:pre_coverage; token_unlock:no_data
520,2026-03-26 07:00:00+00:00,UBUSDT,12.41,macro_event,none,macro_event,LOW,fg=12(Extreme Fear); liq_cascade:pre_coverage; news_negative:pre_coverage; token_unlock:no_data
521,2026-03-26 11:00:00+00:00,UBUSDT,12.77,macro_event,none,macro_event,LOW,fg=12(Extreme Fear); liq_cascade:pre_coverage; news_negative:pre_coverage; token_unlock:no_data
522,2026-03-27 01:00:00+00:00,UBUSDT,16.56,macro_event,none,macro_event,LOW,fg=12(Extreme Fear); liq_cascade:pre_coverage; news_negative:pre_coverage; token_unlock:no_data
523,2026-04-22 18:00:00+00:00,UBUSDT,12.02,unknown,none,unknown,NONE,fg=32(Fear); token_unlock:no_data
524,2026-04-23 00:00:00+00:00,UBUSDT,16.34,unknown,none,unknown,NONE,fg=32(Fear); token_unlock:no_data
525,2026-04-23 09:00:00+00:00,UBUSDT,13.99,unknown,none,unknown,NONE,fg=39(Fear); token_unlock:no_data
526,2026-04-23 14:00:00+00:00,UBUSDT,13.42,liq_cascade,none,liq_cascade,MEDIUM,fg=39(Fear); token_unlock:no_data
527,2026-04-23 23:00:00+00:00,UBUSDT,14.66,unknown,none,unknown,NONE,fg=39(Fear); token_unlock:no_data
528,2026-05-01 17:00:00+00:00,UBUSDT,19.38,unknown,none,unknown,NONE,fg=28(Fear); token_unlock:no_data
529,2026-05-02 10:00:00+00:00,UBUSDT,13.68,unknown,none,unknown,NONE,fg=32(Fear); token_unlock:no_data
530,2026-05-03 05:00:00+00:00,UBUSDT,12.0,unknown,none,unknown,NONE,fg=43(Fear); token_unlock:no_data
531,2026-05-03 09:00:00+00:00,UBUSDT,13.96,unknown,none,unknown,NONE,fg=43(Fear); token_unlock:no_data
532,2026-05-04 04:00:00+00:00,UBUSDT,10.81,unknown,none,unknown,NONE,fg=44(Fear); token_unlock:no_data
533,2026-05-14 01:00:00+00:00,UBUSDT,11.28,unknown,none,unknown,NONE,fg=38(Fear); token_unlock:no_data
534,2026-05-14 16:00:00+00:00,UBUSDT,11.24,unknown,none,unknown,NONE,fg=38(Fear); token_unlock:no_data
535,2026-05-16 05:00:00+00:00,UBUSDT,13.26,unknown,none,unknown,NONE,fg=37(Fear); token_unlock:no_data
536,2026-05-16 12:00:00+00:00,UBUSDT,12.0,unknown,none,unknown,NONE,fg=37(Fear); token_unlock:no_data
537,2024-05-13 16:00:00+00:00,WLDUSDT,23.27,unknown,none,unknown,NONE,fg=56(Greed); liq_cascade:pre_coverage; news_negative:pre_coverage; token_unlock:no_data
538,2024-06-17 01:00:00+00:00,WLDUSDT,20.56,unknown,none,unknown,NONE,fg=71(Greed); liq_cascade:pre_coverage; news_negative:pre_coverage; token_unlock:no_data
539,2024-07-04 07:00:00+00:00,WLDUSDT,24.94,unknown,none,unknown,NONE,fg=47(Fear); liq_cascade:pre_coverage; news_negative:pre_coverage; token_unlock:no_data
540,2024-07-17 17:00:00+00:00,WLDUSDT,15.0,unknown,none,unknown,NONE,fg=67(Greed); liq_cascade:pre_coverage; news_negative:pre_coverage; token_unlock:no_data
541,2024-08-04 12:00:00+00:00,WLDUSDT,19.72,btc_cascade,none,btc_cascade,HIGH,fg=36(Fear); liq_cascade:pre_coverage; news_negative:pre_coverage; token_unlock:no_data
542,2024-10-01 04:00:00+00:00,WLDUSDT,15.47,unknown,none,unknown,NONE,fg=56(Greed); liq_cascade:pre_coverage; news_negative:pre_coverage; token_unlock:no_data
543,2024-11-12 06:00:00+00:00,WLDUSDT,21.89,unknown,none,unknown,NONE,fg=78(Extreme Greed); liq_cascade:pre_coverage; news_negative:pre_coverage; token_unlock:no_data
544,2024-12-09 18:00:00+00:00,WLDUSDT,23.3,unknown,none,unknown,NONE,fg=78(Extreme Greed); liq_cascade:pre_coverage; news_negative:pre_coverage; token_unlock:no_data
545,2024-12-19 14:00:00+00:00,WLDUSDT,18.3,unknown,none,unknown,NONE,fg=78(Extreme Greed); liq_cascade:pre_coverage; news_negative:pre_coverage; token_unlock:no_data
546,2025-01-07 13:00:00+00:00,WLDUSDT,16.36,btc_cascade,none,btc_cascade,HIGH,fg=77(Extreme Greed); liq_cascade:pre_coverage; news_negative:pre_coverage; token_unlock:no_data
547,2025-01-19 01:00:00+00:00,WLDUSDT,17.47,unknown,none,unknown,NONE,fg=77(Extreme Greed); liq_cascade:pre_coverage; news_negative:pre_coverage; token_unlock:no_data
548,2025-02-02 09:00:00+00:00,WLDUSDT,32.26,unknown,none,unknown,NONE,fg=64(Greed); liq_cascade:pre_coverage; news_negative:pre_coverage; token_unlock:no_data
549,2025-03-03 16:00:00+00:00,WLDUSDT,21.05,btc_cascade,none,btc_cascade,HIGH,fg=30(Fear); liq_cascade:pre_coverage; news_negative:pre_coverage; token_unlock:no_data
550,2025-03-10 11:00:00+00:00,WLDUSDT,15.79,macro_event,btc_cascade,macro_event|btc_cascade,HIGH,fg=24(Extreme Fear); liq_cascade:pre_coverage; news_negative:pre_coverage; token_unlock:no_data
551,2025-04-06 10:00:00+00:00,WLDUSDT,20.35,unknown,none,unknown,NONE,fg=32(Fear); liq_cascade:pre_coverage; news_negative:pre_coverage; token_unlock:no_data
552,2025-07-23 05:00:00+00:00,WLDUSDT,17.4,unknown,none,unknown,NONE,fg=73(Greed); liq_cascade:pre_coverage; news_negative:pre_coverage; token_unlock:no_data
553,2025-10-10 12:00:00+00:00,WLDUSDT,38.67,unknown,none,unknown,NONE,fg=67(Greed); liq_cascade:pre_coverage; news_negative:pre_coverage; token_unlock:no_data
554,2025-11-20 12:00:00+00:00,WLDUSDT,16.93,macro_event,none,macro_event,LOW,fg=13(Extreme Fear); liq_cascade:pre_coverage; news_negative:pre_coverage; token_unlock:no_data
555,2026-01-28 22:00:00+00:00,WLDUSDT,25.1,unknown,none,unknown,NONE,fg=29(Fear); liq_cascade:pre_coverage; news_negative:pre_coverage; token_unlock:no_data
556,2026-01-30 21:00:00+00:00,WLDUSDT,19.26,macro_event,stablecoin_outflow,macro_event|stablecoin_outflow,LOW,fg=21(Extreme Fear); liq_cascade:pre_coverage; news_negative:pre_coverage; token_unlock:no_data
557,2026-02-05 00:00:00+00:00,WLDUSDT,16.54,macro_event,none,macro_event,LOW,fg=16(Extreme Fear); liq_cascade:pre_coverage; news_negative:pre_coverage; token_unlock:no_data
558,2026-03-27 02:00:00+00:00,WLDUSDT,15.83,macro_event,none,macro_event,LOW,fg=12(Extreme Fear); liq_cascade:pre_coverage; news_negative:pre_coverage; token_unlock:no_data
559,2024-05-13 16:00:00+00:00,WLDUSDT,10.59,unknown,none,unknown,NONE,fg=56(Greed); liq_cascade:pre_coverage; news_negative:pre_coverage; token_unlock:no_data
560,2025-02-03 00:00:00+00:00,WLDUSDT,13.23,btc_cascade,none,btc_cascade,HIGH,fg=64(Greed); liq_cascade:pre_coverage; news_negative:pre_coverage; token_unlock:no_data
561,2025-10-10 20:00:00+00:00,WLDUSDT,24.9,btc_cascade,none,btc_cascade,HIGH,fg=67(Greed); liq_cascade:pre_coverage; news_negative:pre_coverage; token_unlock:no_data
562,2024-08-04 12:00:00+00:00,XRPUSDT,19.72,btc_cascade,none,btc_cascade,HIGH,fg=36(Fear); liq_cascade:pre_coverage; news_negative:pre_coverage; token_unlock:no_data
563,2024-11-16 14:00:00+00:00,XRPUSDT,15.78,unknown,none,unknown,NONE,fg=83(Extreme Greed); liq_cascade:pre_coverage; news_negative:pre_coverage; token_unlock:no_data
564,2024-11-23 15:00:00+00:00,XRPUSDT,15.85,unknown,none,unknown,NONE,fg=94(Extreme Greed); liq_cascade:pre_coverage; news_negative:pre_coverage; token_unlock:no_data
565,2025-02-02 01:00:00+00:00,XRPUSDT,28.57,unknown,none,unknown,NONE,fg=64(Greed); liq_cascade:pre_coverage; news_negative:pre_coverage; token_unlock:no_data
566,2025-03-02 23:00:00+00:00,XRPUSDT,21.05,macro_event,none,macro_event,LOW,fg=23(Extreme Fear); liq_cascade:pre_coverage; news_negative:pre_coverage; token_unlock:no_data
567,2025-04-06 06:00:00+00:00,XRPUSDT,21.56,unknown,none,unknown,NONE,fg=32(Fear); liq_cascade:pre_coverage; news_negative:pre_coverage; token_unlock:no_data
568,2025-10-10 05:00:00+00:00,XRPUSDT,17.65,unknown,none,unknown,NONE,fg=67(Greed); liq_cascade:pre_coverage; news_negative:pre_coverage; token_unlock:no_data
569,2026-02-04 21:00:00+00:00,XRPUSDT,23.41,macro_event,none,macro_event,LOW,fg=16(Extreme Fear); liq_cascade:pre_coverage; news_negative:pre_coverage; token_unlock:no_data
570,2024-12-03 12:00:00+00:00,XRPUSDT,10.31,unknown,none,unknown,NONE,fg=78(Extreme Greed); liq_cascade:pre_coverage; news_negative:pre_coverage; token_unlock:no_data
571,2025-02-03 00:00:00+00:00,XRPUSDT,12.4,btc_cascade,none,btc_cascade,HIGH,fg=64(Greed); liq_cascade:pre_coverage; news_negative:pre_coverage; token_unlock:no_data
572,2024-07-04 04:00:00+00:00,ZECUSDT,19.15,unknown,none,unknown,NONE,fg=47(Fear); liq_cascade:pre_coverage; news_negative:pre_coverage; token_unlock:no_data
573,2024-08-04 06:00:00+00:00,ZECUSDT,17.17,unknown,none,unknown,NONE,fg=36(Fear); liq_cascade:pre_coverage; news_negative:pre_coverage; token_unlock:no_data
574,2024-12-08 22:00:00+00:00,ZECUSDT,23.46,unknown,none,unknown,NONE,fg=77(Extreme Greed); liq_cascade:pre_coverage; news_negative:pre_coverage; token_unlock:no_data
575,2024-12-19 14:00:00+00:00,ZECUSDT,21.09,unknown,none,unknown,NONE,fg=78(Extreme Greed); liq_cascade:pre_coverage; news_negative:pre_coverage; token_unlock:no_data
576,2025-02-02 06:00:00+00:00,ZECUSDT,30.86,unknown,none,unknown,NONE,fg=64(Greed); liq_cascade:pre_coverage; news_negative:pre_coverage; token_unlock:no_data
577,2025-04-06 12:00:00+00:00,ZECUSDT,26.61,unknown,none,unknown,NONE,fg=32(Fear); liq_cascade:pre_coverage; news_negative:pre_coverage; token_unlock:no_data
578,2025-10-02 13:00:00+00:00,ZECUSDT,18.8,unknown,none,unknown,NONE,fg=56(Greed); liq_cascade:pre_coverage; news_negative:pre_coverage; token_unlock:no_data
579,2025-10-03 10:00:00+00:00,ZECUSDT,18.88,unknown,none,unknown,NONE,fg=64(Greed); liq_cascade:pre_coverage; news_negative:pre_coverage; token_unlock:no_data
580,2025-10-07 01:00:00+00:00,ZECUSDT,20.19,unknown,none,unknown,NONE,fg=70(Greed); liq_cascade:pre_coverage; news_negative:pre_coverage; token_unlock:no_data
581,2025-10-10 05:00:00+00:00,ZECUSDT,26.53,unknown,none,unknown,NONE,fg=67(Greed); liq_cascade:pre_coverage; news_negative:pre_coverage; token_unlock:no_data
582,2025-10-13 05:00:00+00:00,ZECUSDT,19.57,macro_event,none,macro_event,LOW,fg=31(Extreme Fear); liq_cascade:pre_coverage; news_negative:pre_coverage; token_unlock:no_data
583,2025-10-16 07:00:00+00:00,ZECUSDT,20.22,unknown,none,unknown,NONE,fg=31(Fear); liq_cascade:pre_coverage; news_negative:pre_coverage; token_unlock:no_data
584,2025-11-04 04:00:00+00:00,ZECUSDT,18.47,macro_event,btc_cascade,macro_event|btc_cascade,HIGH,fg=32(Extreme Fear); liq_cascade:pre_coverage; news_negative:pre_coverage; token_unlock:no_data
585,2025-11-07 17:00:00+00:00,ZECUSDT,29.05,macro_event,none,macro_event,LOW,fg=26(Extreme Fear); liq_cascade:pre_coverage; news_negative:pre_coverage; token_unlock:no_data
586,2025-11-10 07:00:00+00:00,ZECUSDT,30.29,macro_event,none,macro_event,LOW,fg=26(Extreme Fear); liq_cascade:pre_coverage; news_negative:pre_coverage; token_unlock:no_data
587,2026-01-07 11:00:00+00:00,ZECUSDT,20.98,unknown,none,unknown,NONE,fg=43(Fear); liq_cascade:pre_coverage; news_negative:pre_coverage; token_unlock:no_data
588,2026-02-04 19:00:00+00:00,ZECUSDT,21.74,macro_event,none,macro_event,LOW,fg=16(Extreme Fear); liq_cascade:pre_coverage; news_negative:pre_coverage; token_unlock:no_data
589,2025-02-03 00:00:00+00:00,ZECUSDT,12.89,btc_cascade,none,btc_cascade,HIGH,fg=64(Greed); liq_cascade:pre_coverage; news_negative:pre_coverage; token_unlock:no_data
590,2025-04-07 04:00:00+00:00,ZECUSDT,17.78,macro_event,btc_cascade,macro_event|btc_cascade,HIGH,fg=28(Extreme Fear); liq_cascade:pre_coverage; news_negative:pre_coverage; token_unlock:no_data
591,2025-10-10 20:00:00+00:00,ZECUSDT,13.72,btc_cascade,none,btc_cascade,HIGH,fg=67(Greed); liq_cascade:pre_coverage; news_negative:pre_coverage; token_unlock:no_data
592,2025-11-04 10:00:00+00:00,ZECUSDT,13.12,macro_event,none,macro_event,LOW,fg=32(Extreme Fear); liq_cascade:pre_coverage; news_negative:pre_coverage; token_unlock:no_data
